oktmo;plate;name;short;match
79;01;Республика Адыгея;Адыгея;адыге
80;02;Республика Башкортостан;Башкортостан;башк
81;03;Республика Бурятия;Бурятия;бурят
84;04;Республика Алтай;Респ. Алтай;республик\w*\s+алтай|алтай\s+респ
82;05;Республика Дагестан;Дагестан;дагестан
26;06;Республика Ингушетия;Ингушетия;ингуш
83;07;Кабардино-Балкарская Республика;КБР;кабардин|\bкбр\b
85;08;Республика Калмыкия;Калмыкия;калмык
91;09;Карачаево-Черкесская Республика;КЧР;карачаев|\bкчр\b
86;10;Республика Карелия;Карелия;карели
87;11;Республика Коми;Коми;\bкоми\b
88;12;Республика Марий Эл;Марий Эл;марий
89;13;Республика Мордовия;Мордовия;мордов
98;14;Республика Саха (Якутия);Якутия;\bсаха\b|якути
90;15;Республика Северная Осетия — Алания;Сев. Осетия;осети|алани
92;16;Республика Татарстан;Татарстан;татарстан
93;17;Республика Тыва;Тыва;\bтыва\b|тувин
94;18;Удмуртская Республика;Удмуртия;удмурт
95;19;Республика Хакасия;Хакасия;хакас
96;20;Чеченская Республика;Чечня;чечен|чечн
97;21;Чувашская Республика;Чувашия;чуваш
01;22;Алтайский край;Алт. край;алтайск\w*\s+кр
03;23;Краснодарский край;Краснод. край;краснодарск\w*\s+кр|кубан
04;24;Красноярский край;Краснояр. край;красноярск\w*\s+кр
05;25;Приморский край;Примор. край;приморск\w*\s+кр|приморь
07;26;Ставропольский край;Ставроп. край;ставропольск\w*\s+кр
08;27;Хабаровский край;Хабар. край;хабаровск\w*\s+кр
10;28;Амурская область;Амур. обл.;амурск\w*\s+обл
11;29;Архангельская область;Арханг. обл.;архангельск\w*\s+обл
12;30;Астраханская область;Астрах. обл.;астраханск\w*\s+обл
14;31;Белгородская область;Белг. обл.;белгородск\w*\s+обл
15;32;Брянская область;Брян. обл.;брянск\w*\s+обл
17;33;Владимирская область;Влад. обл.;владимирск\w*\s+обл
18;34;Волгоградская область;Волгогр. обл.;волгоградск\w*\s+обл
19;35;Вологодская область;Волог. обл.;вологодск\w*\s+обл
20;36;Воронежская область;Ворон. обл.;воронежск\w*\s+обл
24;37;Ивановская область;Иван. обл.;ивановск\w*\s+обл
25;38;Иркутская область;Иркут. обл.;иркутск\w*\s+обл
27;39;Калининградская область;Калинингр. обл.;калининградск\w*\s+обл
29;40;Калужская область;Калуж. обл.;калужск\w*\s+обл
30;41;Камчатский край;Камч. край;камчат
32;42;Кемеровская область — Кузбасс;Кузбасс;кемеровск\w*\s+обл|кузбасс
33;43;Кировская область;Киров. обл.;кировск\w*\s+обл
34;44;Костромская область;Костр. обл.;костромск\w*\s+обл
37;45;Курганская область;Курган. обл.;курганск\w*\s+обл
38;46;Курская область;Курск. обл.;курск\w*\s+обл
41;47;Ленинградская область;Ленингр. обл.;ленинградск\w*\s+обл|\bлен\.?\s*обл
42;48;Липецкая область;Липец. обл.;липецк\w*\s+обл
44;49;Магаданская область;Магад. обл.;магаданск\w*\s+обл
46;50;Московская область;Моск. обл.;московск\w*\s+обл|\bмо\b(?=\s*,)
47;51;Мурманская область;Мурм. обл.;мурманск\w*\s+обл
22;52;Нижегородская область;Нижегор. обл.;нижегородск\w*\s+обл
49;53;Новгородская область;Новгор. обл.;новгородск\w*\s+обл
50;54;Новосибирская область;Новосиб. обл.;новосибирск\w*\s+обл
52;55;Омская область;Омск. обл.;омск\w*\s+обл
53;56;Оренбургская область;Оренб. обл.;оренбургск\w*\s+обл
54;57;Орловская область;Орлов. обл.;орловск\w*\s+обл
56;58;Пензенская область;Пенз. обл.;пензенск\w*\s+обл
57;59;Пермский край;Перм. край;пермск\w*\s+кр
58;60;Псковская область;Псков. обл.;псковск\w*\s+обл
60;61;Ростовская область;Рост. обл.;ростовск\w*\s+обл
61;62;Рязанская область;Рязан. обл.;рязанск\w*\s+обл
36;63;Самарская область;Самар. обл.;самарск\w*\s+обл
63;64;Саратовская область;Сарат. обл.;саратовск\w*\s+обл
64;65;Сахалинская область;Сахал. обл.;сахалинск\w*\s+обл
65;66;Свердловская область;Свердл. обл.;свердловск\w*\s+обл
66;67;Смоленская область;Смол. обл.;смоленск\w*\s+обл
68;68;Тамбовская область;Тамб. обл.;тамбовск\w*\s+обл
28;69;Тверская область;Твер. обл.;тверск\w*\s+обл
69;70;Томская область;Томск. обл.;томск\w*\s+обл
70;71;Тульская область;Тульск. обл.;тульск\w*\s+обл
71;72;Тюменская область;Тюм. обл.;тюменск\w*\s+обл
73;73;Ульяновская область;Ульян. обл.;ульяновск\w*\s+обл
75;74;Челябинская область;Челяб. обл.;челябинск\w*\s+обл
76;75;Забайкальский край;Забайк. край;забайкаль
78;76;Ярославская область;Яросл. обл.;ярославск\w*\s+обл
45;77;Москва;Москва;^москва$
40;78;Санкт-Петербург;Санкт-Петербург;^санкт-петербург$
99;79;Еврейская автономная область;ЕАО;еврейск|\bеао\b
21;80;Донецкая Народная Республика;ДНР;донецк\w*\s+народ|\bднр\b
43;81;Луганская Народная Республика;ЛНР;луганск\w*\s+народ|\bлнр\b
35;82;Республика Крым;Крым;крым
11800;83;Ненецкий автономный округ;НАО;ненецк
23;84;Запорожская область;Запор. обл.;запорожск\w*\s+обл
74;85;Херсонская область;Херсон. обл.;херсонск\w*\s+обл
71800;86;Ханты-Мансийский автономный округ — Югра;ХМАО;ханты|югр|\bхмао\b
77;87;Чукотский автономный округ;Чукотка;чукот
71900;89;Ямало-Ненецкий автономный округ;ЯНАО;ямал|\bянао\b
67;92;Севастополь;Севастополь;^севастополь$
