1,г.,Адыгейск;;;;;;;;;;;;;;;;;;;;;;;;;;
1,г.,Майкоп;;;;;;;;;;;;;;;;;;;;;;;;;;
2,г.,Агидель;;;;;;;;;;;;;;;;;;;;;;;;;;
2,г.,Баймак;;;;;;;;;;;;;;;;;;;;;;;;;;
2,г.,Белебей;;;;;;;;;;;;;;;;;;;;;;;;;;
2,г.,Белорецк;;;;;;;;;;;;;;;;;;;;;;;;;;
2,г.,Бирск;;;;;;;;;;;;;;;;;;;;;;;;;;
2,г.,Благовещенск;;;;;;;;;;;;;;;;;;;;;;;;;;
2,г.,Давлеканово;;;;;;;;;;;;;;;;;;;;;;;;;;
2,г.,Дюртюли;;;;;;;;;;;;;;;;;;;;;;;;;;
2,г.,Ишимбай;;;;;;;;;;;;;;;;;;;;;;;;;;
2,г.,Кумертау;;;;;;;;;;;;;;;;;;;;;;;;;;
2,г.,Межгорье;;;;;;;;;;;;;;;;;;;;;;;;;;
2,г.,Мелеуз;;;;;;;;;;;;;;;;;;;;;;;;;;
2,г.,Нефтекамск;;;;;;;;;;;;;;;;;;;;;;;;;;
2,г.,Октябрьский;;;;;;;;;;;;;;;;;;;;;;;;;;
2,г.,Салават;;;;;;;;;;;;;;;;;;;;;;;;;;
2,г.,Стерлитамак;;;;;;;;;;;;;;;;;;;;;;;;;;
2,г.,Туймазы;;;;;;;;;;;;;;;;;;;;;;;;;;
2,г.,Уфа;;;;;;;;;;;;;;;;;;;;;;;;;;
2,г.,Учалы;;;;;;;;;;;;;;;;;;;;;;;;;;
2,г.,Янаул;;;;;;;;;;;;;;;;;;;;;;;;;;
2,г.,Сибай;;;;;;;;;;;;;;;;;;;;;;;;;;
2,с/с,Акбердинский;;;;;;;;;;;;;;;;;;;;;;;;;;
2,с/с,Алкинский;;;;;;;;;;;;;;;;;;;;;;;;;;
2,с/с,Аровский;;;;;;;;;;;;;;;;;;;;;;;;;;
2,с/с,Аскаровский;;;;;;;;;;;;;;;;;;;;;;;;;;
2,с/с,Ахуновский;;;;;;;;;;;;;;;;;;;;;;;;;;
2,с/с,Баш-Шидинский;;;;;;;;;;;;;;;;;;;;;;;;;;
2,с/с,Булгаковский;;;;;;;;;;;;;;;;;;;;;;;;;;
2,с/с,Вострецовский;;;;;;;;;;;;;;;;;;;;;;;;;;
2,с/с,Дмитриевский;;;;;;;;;;;;;;;;;;;;;;;;;;
2,с/с,Зубовский;;;;;;;;;;;;;;;;;;;;;;;;;;
2,с/с,Иглинский;;;;;;;;;;;;;;;;;;;;;;;;;;
2,с/с,Искинский;;;;;;;;;;;;;;;;;;;;;;;;;;
2,с/с,Казадаевский;;;;;;;;;;;;;;;;;;;;;;;;;;
2,с/с,Кандринский;;;;;;;;;;;;;;;;;;;;;;;;;;
2,с/с,Кирилловский;;;;;;;;;;;;;;;;;;;;;;;;;;
2,с/с,Кисак-Каинский;;;;;;;;;;;;;;;;;;;;;;;;;;
2,с/с,Кожай-Семеновский;;;;;;;;;;;;;;;;;;;;;;;;;;
2,с/с,Красноярский;;;;;;;;;;;;;;;;;;;;;;;;;;
2,с/с,Кушнаренковский;;;;;;;;;;;;;;;;;;;;;;;;;;
2,с/с,Майский;;;;;;;;;;;;;;;;;;;;;;;;;;
2,с/с,Маячинский;;;;;;;;;;;;;;;;;;;;;;;;;;
2,с/с,Месягутовский;;;;;;;;;;;;;;;;;;;;;;;;;;
2,с/с,Нагаевский;;;;;;;;;;;;;;;;;;;;;;;;;;
2,с/с,Николаевский;;;;;;;;;;;;;;;;;;;;;;;;;;
2,с/с,Никольский;;;;;;;;;;;;;;;;;;;;;;;;;;
2,с/с,Новобелокатайский;;;;;;;;;;;;;;;;;;;;;;;;;;
2,с/с,Подгорный;;;;;;;;;;;;;;;;;;;;;;;;;;
2,с/с,Равиловский;;;;;;;;;;;;;;;;;;;;;;;;;;
2,с/с,Разинский;;;;;;;;;;;;;;;;;;;;;;;;;;
2,с/с,Сафаровский;;;;;;;;;;;;;;;;;;;;;;;;;;
2,с/с,Сейтяковский;;;;;;;;;;;;;;;;;;;;;;;;;;
2,с/с,Стерлибашевский;;;;;;;;;;;;;;;;;;;;;;;;;;
2,с/с,Туялясский;;;;;;;;;;;;;;;;;;;;;;;;;;
2,с/с,Черкасский;;;;;;;;;;;;;;;;;;;;;;;;;;
2,с/с,Чесноковский;;;;;;;;;;;;;;;;;;;;;;;;;;
2,с/с,Чуваш-Кубовский;;;;;;;;;;;;;;;;;;;;;;;;;;
3,г.,Бабушкин;;;;;;;;;;;;;;;;;;;;;;;;;;
3,г.,Гусиноозерск;;;;;;;;;;;;;;;;;;;;;;;;;;
3,г.,Закаменск;;;;;;;;;;;;;;;;;;;;;;;;;;
3,г.,Кяхта;;;;;;;;;;;;;;;;;;;;;;;;;;
3,г.,Северобайкальск;;;;;;;;;;;;;;;;;;;;;;;;;;
3,г.,Улан-Удэ;;;;;;;;;;;;;;;;;;;;;;;;;;
4,г.,Горно-Алтайск;;;;;;;;;;;;;;;;;;;;;;;;;;
5,г.,Буйнакск;;;;;;;;;;;;;;;;;;;;;;;;;;
5,г.,Дагестанские;Огни;;;;;;;;;;;;;;;;;;;;;;;;;
5,г.,Дербент;;;;;;;;;;;;;;;;;;;;;;;;;;
5,г.,Избербаш;;;;;;;;;;;;;;;;;;;;;;;;;;
5,г.,Каспийск;;;;;;;;;;;;;;;;;;;;;;;;;;
5,г.,Кизилюрт;;;;;;;;;;;;;;;;;;;;;;;;;;
5,г.,Кизляр;;;;;;;;;;;;;;;;;;;;;;;;;;
5,г.,Махачкала;;;;;;;;;;;;;;;;;;;;;;;;;;
5,г.,Хасавюрт;;;;;;;;;;;;;;;;;;;;;;;;;;
5,г.,Южно-Сухокумск;;;;;;;;;;;;;;;;;;;;;;;;;;
6,г.,Карабулак;;;;;;;;;;;;;;;;;;;;;;;;;;
6,г.,Магас;;;;;;;;;;;;;;;;;;;;;;;;;;
6,г.,Малгобек;;;;;;;;;;;;;;;;;;;;;;;;;;
6,г.,Назрань;;;;;;;;;;;;;;;;;;;;;;;;;;
6,г.,Сунжа;;;;;;;;;;;;;;;;;;;;;;;;;;
7,г.,Баксан;;;;;;;;;;;;;;;;;;;;;;;;;;
7,г.,Майский;;;;;;;;;;;;;;;;;;;;;;;;;;
7,г.,Нальчик;;;;;;;;;;;;;;;;;;;;;;;;;;
7,г.,Нарткала;;;;;;;;;;;;;;;;;;;;;;;;;;
7,г.,Прохладный;;;;;;;;;;;;;;;;;;;;;;;;;;
7,г.,Терек;;;;;;;;;;;;;;;;;;;;;;;;;;
7,г.,Тырныауз;;;;;;;;;;;;;;;;;;;;;;;;;;
7,г.,Чегем;;;;;;;;;;;;;;;;;;;;;;;;;;
8,г.,Городовиковск;;;;;;;;;;;;;;;;;;;;;;;;;;
8,г.,Лагань;;;;;;;;;;;;;;;;;;;;;;;;;;
8,г.,Элиста;;;;;;;;;;;;;;;;;;;;;;;;;;
9,г.,Карачаевск;;;;;;;;;;;;;;;;;;;;;;;;;;
9,г.,Теберда;;;;;;;;;;;;;;;;;;;;;;;;;;
9,г.,Усть-Джегута;;;;;;;;;;;;;;;;;;;;;;;;;;
9,г.,Черкесск;;;;;;;;;;;;;;;;;;;;;;;;;;
10,г.,Беломорск;;;;;;;;;;;;;;;;;;;;;;;;;;
10,г.,Кемь;;;;;;;;;;;;;;;;;;;;;;;;;;
10,г.,Кондопога;;;;;;;;;;;;;;;;;;;;;;;;;;
10,г.,Костомукша;;;;;;;;;;;;;;;;;;;;;;;;;;
10,г.,Лахденпохья;;;;;;;;;;;;;;;;;;;;;;;;;;
10,г.,Медвежьегорск;;;;;;;;;;;;;;;;;;;;;;;;;;
10,г.,Олонец;;;;;;;;;;;;;;;;;;;;;;;;;;
10,г.,Петрозаводск;;;;;;;;;;;;;;;;;;;;;;;;;;
10,г.,Питкяранта;;;;;;;;;;;;;;;;;;;;;;;;;;
10,г.,Сегежа;;;;;;;;;;;;;;;;;;;;;;;;;;
10,г.,Сортавала;;;;;;;;;;;;;;;;;;;;;;;;;;
10,г.,Пудож;;;;;;;;;;;;;;;;;;;;;;;;;;
10,г.,Суоярви;;;;;;;;;;;;;;;;;;;;;;;;;;
11,г.,Воркута;;;;;;;;;;;;;;;;;;;;;;;;;;
11,г.,Вуктыл;;;;;;;;;;;;;;;;;;;;;;;;;;
11,г.,Емва;;;;;;;;;;;;;;;;;;;;;;;;;;
11,г.,Инта;;;;;;;;;;;;;;;;;;;;;;;;;;
11,г.,Микунь;;;;;;;;;;;;;;;;;;;;;;;;;;
11,г.,Печора;;;;;;;;;;;;;;;;;;;;;;;;;;
11,г.,Сосногорск;;;;;;;;;;;;;;;;;;;;;;;;;;
11,г.,Сыктывкар;;;;;;;;;;;;;;;;;;;;;;;;;;
11,г.,Усинск;;;;;;;;;;;;;;;;;;;;;;;;;;
11,г.,Ухта;;;;;;;;;;;;;;;;;;;;;;;;;;
12,г.,Волжск;;;;;;;;;;;;;;;;;;;;;;;;;;
12,г.,Звенигово;;;;;;;;;;;;;;;;;;;;;;;;;;
12,г.,Йошкар-Ола;;;;;;;;;;;;;;;;;;;;;;;;;;
12,г.,Козьмодемьянск;;;;;;;;;;;;;;;;;;;;;;;;;;
13,г.,Ардатов;;;;;;;;;;;;;;;;;;;;;;;;;;
13,г.,Инсар;;;;;;;;;;;;;;;;;;;;;;;;;;
13,г.,Ковылкино;;;;;;;;;;;;;;;;;;;;;;;;;;
13,г.,Краснослободск;;;;;;;;;;;;;;;;;;;;;;;;;;
13,г.,Рузаевка;;;;;;;;;;;;;;;;;;;;;;;;;;
13,г.,Саранск;;;;;;;;;;;;;;;;;;;;;;;;;;
13,г.,Темников;;;;;;;;;;;;;;;;;;;;;;;;;;
14,г.,Алдан;;;;;;;;;;;;;;;;;;;;;;;;;;
14,г.,Верхоянск;;;;;;;;;;;;;;;;;;;;;;;;;;
14,г.,Вилюйск;;;;;;;;;;;;;;;;;;;;;;;;;;
14,г.,Ленск;;;;;;;;;;;;;;;;;;;;;;;;;;
14,г.,Мирный;;;;;;;;;;;;;;;;;;;;;;;;;;
14,г.,Нерюнгри;;;;;;;;;;;;;;;;;;;;;;;;;;
14,г.,Нюрба;;;;;;;;;;;;;;;;;;;;;;;;;;
14,г.,Олекминск;;;;;;;;;;;;;;;;;;;;;;;;;;
14,г.,Покровск;;;;;;;;;;;;;;;;;;;;;;;;;;
14,г.,Среднеколымск;;;;;;;;;;;;;;;;;;;;;;;;;;
14,г.,Томмот;;;;;;;;;;;;;;;;;;;;;;;;;;
14,г.,Удачный;;;;;;;;;;;;;;;;;;;;;;;;;;
14,г.,Якутск;;;;;;;;;;;;;;;;;;;;;;;;;;
15,г.,Алагир;;;;;;;;;;;;;;;;;;;;;;;;;;
15,г.,Ардон;;;;;;;;;;;;;;;;;;;;;;;;;;
15,г.,Беслан;;;;;;;;;;;;;;;;;;;;;;;;;;
15,г.,Владикавказ;;;;;;;;;;;;;;;;;;;;;;;;;;
15,г.,Дигора;;;;;;;;;;;;;;;;;;;;;;;;;;
15,г.,Моздок;;;;;;;;;;;;;;;;;;;;;;;;;;
16,г.,Агрыз;;;;;;;;;;;;;;;;;;;;;;;;;;
16,г.,Азнакаево;;;;;;;;;;;;;;;;;;;;;;;;;;
16,г.,Альметьевск;;;;;;;;;;;;;;;;;;;;;;;;;;
16,г.,Арск;;;;;;;;;;;;;;;;;;;;;;;;;;
16,г.,Бавлы;;;;;;;;;;;;;;;;;;;;;;;;;;
16,г.,Болгар;;;;;;;;;;;;;;;;;;;;;;;;;;
16,г.,Бугульма;;;;;;;;;;;;;;;;;;;;;;;;;;
16,г.,Буинск;;;;;;;;;;;;;;;;;;;;;;;;;;
16,г.,Елабуга;;;;;;;;;;;;;;;;;;;;;;;;;;
16,г.,Заинск;;;;;;;;;;;;;;;;;;;;;;;;;;
16,г.,Зеленодольск;;;;;;;;;;;;;;;;;;;;;;;;;;
16,г.,Иннополис;;;;;;;;;;;;;;;;;;;;;;;;;;
16,г.,Казань;;;;;;;;;;;;;;;;;;;;;;;;;;
16,г.,Лаишево;;;;;;;;;;;;;;;;;;;;;;;;;;
16,г.,Лениногорск;;;;;;;;;;;;;;;;;;;;;;;;;;
16,г.,Мамадыш;;;;;;;;;;;;;;;;;;;;;;;;;;
16,г.,Менделеевск;;;;;;;;;;;;;;;;;;;;;;;;;;
16,г.,Мензелинск;;;;;;;;;;;;;;;;;;;;;;;;;;
16,г.,Набережные;Челны;;;;;;;;;;;;;;;;;;;;;;;;;
16,г.,Нижнекамск;;;;;;;;;;;;;;;;;;;;;;;;;;
16,г.,Нурлат;;;;;;;;;;;;;;;;;;;;;;;;;;
16,г.,Тетюши;;;;;;;;;;;;;;;;;;;;;;;;;;
16,г.,Чистополь;;;;;;;;;;;;;;;;;;;;;;;;;;
16,г.,Кукмор;;;;;;;;;;;;;;;;;;;;;;;;;;
17,г.,Ак-Довурак;;;;;;;;;;;;;;;;;;;;;;;;;;
17,г.,Кызыл;;;;;;;;;;;;;;;;;;;;;;;;;;
17,г.,Туран;;;;;;;;;;;;;;;;;;;;;;;;;;
17,г.,Чадан;;;;;;;;;;;;;;;;;;;;;;;;;;
17,г.,Шагонар;;;;;;;;;;;;;;;;;;;;;;;;;;
18,г.,Воткинск;;;;;;;;;;;;;;;;;;;;;;;;;;
18,г.,Ижевск;;;;;;;;;;;;;;;;;;;;;;;;;;
18,г.,Камбарка;;;;;;;;;;;;;;;;;;;;;;;;;;
18,г.,Можга;;;;;;;;;;;;;;;;;;;;;;;;;;
18,г.,Сарапул;;;;;;;;;;;;;;;;;;;;;;;;;;
18,г.,Глазов;;;;;;;;;;;;;;;;;;;;;;;;;;
19,г.,Абаза;;;;;;;;;;;;;;;;;;;;;;;;;;
19,г.,Абакан;;;;;;;;;;;;;;;;;;;;;;;;;;
19,г.,Саяногорск;;;;;;;;;;;;;;;;;;;;;;;;;;
19,г.,Сорск;;;;;;;;;;;;;;;;;;;;;;;;;;
19,г.,Черногорск;;;;;;;;;;;;;;;;;;;;;;;;;;
19,с/с,Аршановский;;;;;;;;;;;;;;;;;;;;;;;;;;
19,с/с,Аскизский;;;;;;;;;;;;;;;;;;;;;;;;;;
19,с/с,Бейский;;;;;;;;;;;;;;;;;;;;;;;;;;
19,с/с,Боградский;;;;;;;;;;;;;;;;;;;;;;;;;;
19,с/с,Ширинский;;;;;;;;;;;;;;;;;;;;;;;;;;
20,г.,Аргун;;;;;;;;;;;;;;;;;;;;;;;;;;
20,г.,Грозный;;;;;;;;;;;;;;;;;;;;;;;;;;
20,г.,Гудермес;;;;;;;;;;;;;;;;;;;;;;;;;;
20,г.,Шали;;;;;;;;;;;;;;;;;;;;;;;;;;
20,г.,Ачхой-Мартан;;;;;;;;;;;;;;;;;;;;;;;;;;
20,г.,Курчалой;;;;;;;;;;;;;;;;;;;;;;;;;;
20,г.,Наурская;;;;;;;;;;;;;;;;;;;;;;;;;;
20,г.,Ойсхара;;;;;;;;;;;;;;;;;;;;;;;;;;
20,г.,Серноводское;;;;;;;;;;;;;;;;;;;;;;;;;;
20,г.,Шелковская;;;;;;;;;;;;;;;;;;;;;;;;;;
21,г.,Алатырь;;;;;;;;;;;;;;;;;;;;;;;;;;
21,г.,Канаш;;;;;;;;;;;;;;;;;;;;;;;;;;
21,г.,Козловка;;;;;;;;;;;;;;;;;;;;;;;;;;
21,г.,Мариинский;Посад;;;;;;;;;;;;;;;;;;;;;;;;;
21,г.,Новочебоксарск;;;;;;;;;;;;;;;;;;;;;;;;;;
21,г.,Цивильск;;;;;;;;;;;;;;;;;;;;;;;;;;
21,г.,Чебоксары;;;;;;;;;;;;;;;;;;;;;;;;;;
21,г.,Шумерля;;;;;;;;;;;;;;;;;;;;;;;;;;
21,г.,Ядрин;;;;;;;;;;;;;;;;;;;;;;;;;;
21,с/п,Ахматовское;;;;;;;;;;;;;;;;;;;;;;;;;;
21,с/п,Богатыревское;;;;;;;;;;;;;;;;;;;;;;;;;;
21,с/п,Большешатьминское;;;;;;;;;;;;;;;;;;;;;;;;;;
21,с/п,Восходское;;;;;;;;;;;;;;;;;;;;;;;;;;
21,с/п,Игорварское;;;;;;;;;;;;;;;;;;;;;;;;;;
21,с/п,Конарское;;;;;;;;;;;;;;;;;;;;;;;;;;
21,с/п,Красноармейское;;;;;;;;;;;;;;;;;;;;;;;;;;
21,с/п,Кувакинское;;;;;;;;;;;;;;;;;;;;;;;;;;
21,с/п,Малоянгорчинское;;;;;;;;;;;;;;;;;;;;;;;;;;
21,с/п,Михайловское;;;;;;;;;;;;;;;;;;;;;;;;;;
21,с/п,Октябрьское;;;;;;;;;;;;;;;;;;;;;;;;;;
21,с/п,Опытное;;;;;;;;;;;;;;;;;;;;;;;;;;
21,с/п,Тувсинское;;;;;;;;;;;;;;;;;;;;;;;;;;
21,с/п,Чиричкасинское;;;;;;;;;;;;;;;;;;;;;;;;;;
21,с/п,Яншихово-Челлинское;;;;;;;;;;;;;;;;;;;;;;;;;;
22,г.,Алейск;;;;;;;;;;;;;;;;;;;;;;;;;;
22,г.,Барнаул;;;;;;;;;;;;;;;;;;;;;;;;;;
22,г.,Белокуриха;;;;;;;;;;;;;;;;;;;;;;;;;;
22,г.,Бийск;;;;;;;;;;;;;;;;;;;;;;;;;;
22,г.,Горняк;;;;;;;;;;;;;;;;;;;;;;;;;;
22,г.,Заринск;;;;;;;;;;;;;;;;;;;;;;;;;;
22,г.,Змеиногорск;;;;;;;;;;;;;;;;;;;;;;;;;;
22,г.,Новоалтайск;;;;;;;;;;;;;;;;;;;;;;;;;;
22,г.,Рубцовск;;;;;;;;;;;;;;;;;;;;;;;;;;
22,г.,Славгород;;;;;;;;;;;;;;;;;;;;;;;;;;
22,г.,Яровое;;;;;;;;;;;;;;;;;;;;;;;;;;
22,г.,Камень-на-Оби;;;;;;;;;;;;;;;;;;;;;;;;;;
23,г.,Абинск;;;;;;;;;;;;;;;;;;;;;;;;;;
23,г.,Анапа;;;;;;;;;;;;;;;;;;;;;;;;;;
23,г.,Апшеронск;;;;;;;;;;;;;;;;;;;;;;;;;;
23,г.,Армавир;;;;;;;;;;;;;;;;;;;;;;;;;;
23,г.,Белореченск;;;;;;;;;;;;;;;;;;;;;;;;;;
23,г.,Геленджик;;;;;;;;;;;;;;;;;;;;;;;;;;
23,г.,Горячий;Ключ;;;;;;;;;;;;;;;;;;;;;;;;;
23,г.,Гулькевичи;;;;;;;;;;;;;;;;;;;;;;;;;;
23,г.,Ейск;;;;;;;;;;;;;;;;;;;;;;;;;;
23,г.,Кореновск;;;;;;;;;;;;;;;;;;;;;;;;;;
23,г.,Краснодар;;;;;;;;;;;;;;;;;;;;;;;;;;
23,г.,Крымск;;;;;;;;;;;;;;;;;;;;;;;;;;
23,г.,Курганинск;;;;;;;;;;;;;;;;;;;;;;;;;;
23,г.,Лабинск;;;;;;;;;;;;;;;;;;;;;;;;;;
23,г.,Новокубанск;;;;;;;;;;;;;;;;;;;;;;;;;;
23,г.,Новороссийск;;;;;;;;;;;;;;;;;;;;;;;;;;
23,г.,Приморско-Ахтарск;;;;;;;;;;;;;;;;;;;;;;;;;;
23,г.,Славянск-на-Кубани;;;;;;;;;;;;;;;;;;;;;;;;;;
23,г.,Сочи;;;;;;;;;;;;;;;;;;;;;;;;;;
23,г.,Темрюк;;;;;;;;;;;;;;;;;;;;;;;;;;
23,г.,Тимашевск;;;;;;;;;;;;;;;;;;;;;;;;;;
23,г.,Тихорецк;;;;;;;;;;;;;;;;;;;;;;;;;;
23,г.,Туапсе;;;;;;;;;;;;;;;;;;;;;;;;;;
23,г.,Усть-Лабинск;;;;;;;;;;;;;;;;;;;;;;;;;;
23,г.,Хадыженск;;;;;;;;;;;;;;;;;;;;;;;;;;
23,г.,Кропоткин;;;;;;;;;;;;;;;;;;;;;;;;;;
23,пгт,Сириус;;;;;;;;;;;;;;;;;;;;;;;;;;
24,г.,Артемовск;;;;;;;;;;;;;;;;;;;;;;;;;;
24,г.,Ачинск;;;;;;;;;;;;;;;;;;;;;;;;;;
24,г.,Боготол;;;;;;;;;;;;;;;;;;;;;;;;;;
24,г.,Бородино;;;;;;;;;;;;;;;;;;;;;;;;;;
24,г.,Дивногорск;;;;;;;;;;;;;;;;;;;;;;;;;;
24,г.,Дудинка;;;;;;;;;;;;;;;;;;;;;;;;;;
24,г.,Енисейск;;;;;;;;;;;;;;;;;;;;;;;;;;
24,г.,Железногорск;;;;;;;;;;;;;;;;;;;;;;;;;;
24,г.,Заозерный;;;;;;;;;;;;;;;;;;;;;;;;;;
24,г.,Зеленогорск;;;;;;;;;;;;;;;;;;;;;;;;;;
24,г.,Игарка;;;;;;;;;;;;;;;;;;;;;;;;;;
24,г.,Иланский;;;;;;;;;;;;;;;;;;;;;;;;;;
24,г.,Канск;;;;;;;;;;;;;;;;;;;;;;;;;;
24,г.,Кодинск;;;;;;;;;;;;;;;;;;;;;;;;;;
24,г.,Красноярск;;;;;;;;;;;;;;;;;;;;;;;;;;
24,г.,Лесосибирск;;;;;;;;;;;;;;;;;;;;;;;;;;
24,г.,Минусинск;;;;;;;;;;;;;;;;;;;;;;;;;;
24,г.,Назарово;;;;;;;;;;;;;;;;;;;;;;;;;;
24,г.,Норильск;;;;;;;;;;;;;;;;;;;;;;;;;;
24,г.,Сосновоборск;;;;;;;;;;;;;;;;;;;;;;;;;;
24,г.,Ужур;;;;;;;;;;;;;;;;;;;;;;;;;;
24,г.,Уяр;;;;;;;;;;;;;;;;;;;;;;;;;;
24,г.,Шарыпово;;;;;;;;;;;;;;;;;;;;;;;;;;
24,п,Подгорный;;;;;;;;;;;;;;;;;;;;;;;;;;
24,п,Солнечный;;;;;;;;;;;;;;;;;;;;;;;;;;
24,пгт,Кедровый;;;;;;;;;;;;;;;;;;;;;;;;;;
25,г.,Арсеньев;;;;;;;;;;;;;;;;;;;;;;;;;;
25,г.,Артем;;;;;;;;;;;;;;;;;;;;;;;;;;
25,г.,Большой;Камень;;;;;;;;;;;;;;;;;;;;;;;;;
25,г.,Владивосток;;;;;;;;;;;;;;;;;;;;;;;;;;
25,г.,Дальнегорск;;;;;;;;;;;;;;;;;;;;;;;;;;
25,г.,Дальнереченск;;;;;;;;;;;;;;;;;;;;;;;;;;
25,г.,Лесозаводск;;;;;;;;;;;;;;;;;;;;;;;;;;
25,г.,Находка;;;;;;;;;;;;;;;;;;;;;;;;;;
25,г.,Партизанск;;;;;;;;;;;;;;;;;;;;;;;;;;
25,г.,Спасск-Дальний;;;;;;;;;;;;;;;;;;;;;;;;;;
25,г.,Уссурийск;;;;;;;;;;;;;;;;;;;;;;;;;;
25,г.,Фокино;;;;;;;;;;;;;;;;;;;;;;;;;;
26,г.,Благодарный;;;;;;;;;;;;;;;;;;;;;;;;;;
26,г.,Буденновск;;;;;;;;;;;;;;;;;;;;;;;;;;
26,г.,Георгиевск;;;;;;;;;;;;;;;;;;;;;;;;;;
26,г.,Ессентуки;;;;;;;;;;;;;;;;;;;;;;;;;;
26,г.,Железноводск;;;;;;;;;;;;;;;;;;;;;;;;;;
26,г.,Зеленокумск;;;;;;;;;;;;;;;;;;;;;;;;;;
26,г.,Изобильный;;;;;;;;;;;;;;;;;;;;;;;;;;
26,г.,Ипатово;;;;;;;;;;;;;;;;;;;;;;;;;;
26,г.,Кисловодск;;;;;;;;;;;;;;;;;;;;;;;;;;
26,г.,Лермонтов;;;;;;;;;;;;;;;;;;;;;;;;;;
26,г.,Минеральные;Воды;;;;;;;;;;;;;;;;;;;;;;;;;
26,г.,Михайловск;;;;;;;;;;;;;;;;;;;;;;;;;;
26,г.,Невинномысск;;;;;;;;;;;;;;;;;;;;;;;;;;
26,г.,Нефтекумск;;;;;;;;;;;;;;;;;;;;;;;;;;
26,г.,Новоалександровск;;;;;;;;;;;;;;;;;;;;;;;;;;
26,г.,Новопавловск;;;;;;;;;;;;;;;;;;;;;;;;;;
26,г.,Пятигорск;;;;;;;;;;;;;;;;;;;;;;;;;;
26,г.,Светлоград;;;;;;;;;;;;;;;;;;;;;;;;;;
26,г.,Ставрополь;;;;;;;;;;;;;;;;;;;;;;;;;;
27,г.,Амурск;;;;;;;;;;;;;;;;;;;;;;;;;;
27,г.,Бикин;;;;;;;;;;;;;;;;;;;;;;;;;;
27,г.,Вяземский;;;;;;;;;;;;;;;;;;;;;;;;;;
27,г.,Комсомольск-на-Амуре;;;;;;;;;;;;;;;;;;;;;;;;;;
27,г.,Николаевск-на-Амуре;;;;;;;;;;;;;;;;;;;;;;;;;;
27,г.,Советская;Гавань;;;;;;;;;;;;;;;;;;;;;;;;;
27,г.,Хабаровск;;;;;;;;;;;;;;;;;;;;;;;;;;
28,г.,Белогорск;;;;;;;;;;;;;;;;;;;;;;;;;;
28,г.,Благовещенск;;;;;;;;;;;;;;;;;;;;;;;;;;
28,г.,Завитинск;;;;;;;;;;;;;;;;;;;;;;;;;;
28,г.,Зея;;;;;;;;;;;;;;;;;;;;;;;;;;
28,г.,Райчихинск;;;;;;;;;;;;;;;;;;;;;;;;;;
28,г.,Свободный;;;;;;;;;;;;;;;;;;;;;;;;;;
28,г.,Сковородино;;;;;;;;;;;;;;;;;;;;;;;;;;
28,г.,Тында;;;;;;;;;;;;;;;;;;;;;;;;;;
28,г.,Шимановск;;;;;;;;;;;;;;;;;;;;;;;;;;
28,г.,Циолковский;;;;;;;;;;;;;;;;;;;;;;;;;;
28,пгт,Прогресс;;;;;;;;;;;;;;;;;;;;;;;;;;
29,г.,Архангельск;;;;;;;;;;;;;;;;;;;;;;;;;;
29,г.,Вельск;;;;;;;;;;;;;;;;;;;;;;;;;;
29,г.,Каргополь;;;;;;;;;;;;;;;;;;;;;;;;;;
29,г.,Коряжма;;;;;;;;;;;;;;;;;;;;;;;;;;
29,г.,Котлас;;;;;;;;;;;;;;;;;;;;;;;;;;
29,г.,Мезень;;;;;;;;;;;;;;;;;;;;;;;;;;
29,г.,Мирный;;;;;;;;;;;;;;;;;;;;;;;;;;
29,г.,Новодвинск;;;;;;;;;;;;;;;;;;;;;;;;;;
29,г.,Няндома;;;;;;;;;;;;;;;;;;;;;;;;;;
29,г.,Северодвинск;;;;;;;;;;;;;;;;;;;;;;;;;;
29,г.,Сольвычегодск;;;;;;;;;;;;;;;;;;;;;;;;;;
29,г.,Шенкурск;;;;;;;;;;;;;;;;;;;;;;;;;;
29,г.,Онега;;;;;;;;;;;;;;;;;;;;;;;;;;
30,г.,Астрахань;;;;;;;;;;;;;;;;;;;;;;;;;;
30,г.,Ахтубинск;;;;;;;;;;;;;;;;;;;;;;;;;;
30,г.,Знаменск;;;;;;;;;;;;;;;;;;;;;;;;;;
30,г.,Камызяк;;;;;;;;;;;;;;;;;;;;;;;;;;
30,г.,Нариманов;;;;;;;;;;;;;;;;;;;;;;;;;;
30,г.,Харабали;;;;;;;;;;;;;;;;;;;;;;;;;;
31,г.,Алексеевка;;;;;;;;;;;;;;;;;;;;;;;;;;
31,г.,Белгород;;;;;;;;;;;;;;;;;;;;;;;;;;
31,г.,Бирюч;;;;;;;;;;;;;;;;;;;;;;;;;;
31,г.,Валуйки;;;;;;;;;;;;;;;;;;;;;;;;;;
31,г.,Грайворон;;;;;;;;;;;;;;;;;;;;;;;;;;
31,г.,Губкин;;;;;;;;;;;;;;;;;;;;;;;;;;
31,г.,Короча;;;;;;;;;;;;;;;;;;;;;;;;;;
31,г.,Новый;Оскол;;;;;;;;;;;;;;;;;;;;;;;;;
31,г.,Старый;Оскол;;;;;;;;;;;;;;;;;;;;;;;;;
31,г.,Строитель;;;;;;;;;;;;;;;;;;;;;;;;;;
31,г.,Шебекино;;;;;;;;;;;;;;;;;;;;;;;;;;
32,г.,Брянск;;;;;;;;;;;;;;;;;;;;;;;;;;
32,г.,Дятьково;;;;;;;;;;;;;;;;;;;;;;;;;;
32,г.,Жуковка;;;;;;;;;;;;;;;;;;;;;;;;;;
32,г.,Злынка;;;;;;;;;;;;;;;;;;;;;;;;;;
32,г.,Карачев;;;;;;;;;;;;;;;;;;;;;;;;;;
32,г.,Клинцы;;;;;;;;;;;;;;;;;;;;;;;;;;
32,г.,Мглин;;;;;;;;;;;;;;;;;;;;;;;;;;
32,г.,Новозыбков;;;;;;;;;;;;;;;;;;;;;;;;;;
32,г.,Почеп;;;;;;;;;;;;;;;;;;;;;;;;;;
32,г.,Севск;;;;;;;;;;;;;;;;;;;;;;;;;;
32,г.,Сельцо;;;;;;;;;;;;;;;;;;;;;;;;;;
32,г.,Стародуб;;;;;;;;;;;;;;;;;;;;;;;;;;
32,г.,Сураж;;;;;;;;;;;;;;;;;;;;;;;;;;
32,г.,Трубчевск;;;;;;;;;;;;;;;;;;;;;;;;;;
32,г.,Унеча;;;;;;;;;;;;;;;;;;;;;;;;;;
32,г.,Фокино;;;;;;;;;;;;;;;;;;;;;;;;;;
32,тер,Акуличское;сельское;поселение;;;;;;;;;;;;;;;;;;;;;;;;
32,тер,Алешенское;сельское;поселение;;;;;;;;;;;;;;;;;;;;;;;;
32,тер,Алешинское;сельское;поселение;;;;;;;;;;;;;;;;;;;;;;;;
32,тер,Аркинское;сельское;поселение;;;;;;;;;;;;;;;;;;;;;;;;
32,тер,Быховское;сельское;поселение;;;;;;;;;;;;;;;;;;;;;;;;
32,тер,Бяковское;сельское;поселение;;;;;;;;;;;;;;;;;;;;;;;;
32,тер,Веребское;сельское;поселение;;;;;;;;;;;;;;;;;;;;;;;;
32,тер,Воробейнское;сельское;поселение;;;;;;;;;;;;;;;;;;;;;;;;
32,тер,Вороновское;сельское;поселение;;;;;;;;;;;;;;;;;;;;;;;;
32,тер,Выгоничское;городское;поселение;;;;;;;;;;;;;;;;;;;;;;;;
32,тер,Глинищевское;сельское;поселение;;;;;;;;;;;;;;;;;;;;;;;;
32,тер,Глодневское;сельское;поселение;;;;;;;;;;;;;;;;;;;;;;;;
32,тер,Добриковское;сельское;поселение;;;;;;;;;;;;;;;;;;;;;;;;
32,тер,Доброводское;сельское;поселение;;;;;;;;;;;;;;;;;;;;;;;;
32,тер,Добрунское;сельское;поселение;;;;;;;;;;;;;;;;;;;;;;;;
32,тер,Домашовское;сельское;поселение;;;;;;;;;;;;;;;;;;;;;;;;
32,тер,Дубровское;городское;поселение;;;;;;;;;;;;;;;;;;;;;;;;
32,тер,Дубровское;сельское;поселение;;;;;;;;;;;;;;;;;;;;;;;;
32,тер,Жирятинское;сельское;поселение;;;;;;;;;;;;;;;;;;;;;;;;
32,тер,Журиничское;сельское;поселение;;;;;;;;;;;;;;;;;;;;;;;;
32,тер,Игрицкое;сельское;поселение;;;;;;;;;;;;;;;;;;;;;;;;
32,тер,Кокинское;сельское;поселение;;;;;;;;;;;;;;;;;;;;;;;;
32,тер,Коржовоголубовское;сельское;поселение;;;;;;;;;;;;;;;;;;;;;;;;
32,тер,Красносельское;сельское;поселение;;;;;;;;;;;;;;;;;;;;;;;;
32,тер,Крупецкое;сельское;поселение;;;;;;;;;;;;;;;;;;;;;;;;
32,тер,Литижское;сельское;поселение;;;;;;;;;;;;;;;;;;;;;;;;
32,тер,Лопандинское;сельское;поселение;;;;;;;;;;;;;;;;;;;;;;;;
32,тер,Лутенское;сельское;поселение;;;;;;;;;;;;;;;;;;;;;;;;
32,тер,Марьинское;сельское;поселение;;;;;;;;;;;;;;;;;;;;;;;;
32,тер,Мирнинское;сельское;поселение;;;;;;;;;;;;;;;;;;;;;;;;
32,тер,Мичуринское;сельское;поселение;;;;;;;;;;;;;;;;;;;;;;;;
32,тер,Морачевское;сельское;поселение;;;;;;;;;;;;;;;;;;;;;;;;
32,тер,Мужиновское;сельское;поселение;;;;;;;;;;;;;;;;;;;;;;;;
32,тер,Навлинское;городское;поселение;;;;;;;;;;;;;;;;;;;;;;;;
32,тер,Надвинское;сельское;поселение;;;;;;;;;;;;;;;;;;;;;;;;
32,тер,Новосельское;сельское;поселение;;;;;;;;;;;;;;;;;;;;;;;;
32,тер,Новоямское;сельское;поселение;;;;;;;;;;;;;;;;;;;;;;;;
32,тер,Орменское;сельское;поселение;;;;;;;;;;;;;;;;;;;;;;;;
32,тер,Отрадненское;сельское;поселение;;;;;;;;;;;;;;;;;;;;;;;;
32,тер,Пеклинское;сельское;поселение;;;;;;;;;;;;;;;;;;;;;;;;
32,тер,Подлесно-Новосельское;сельское;поселение;;;;;;;;;;;;;;;;;;;;;;;;
32,тер,Пушкинское;сельское;поселение;;;;;;;;;;;;;;;;;;;;;;;;
32,тер,Рековичское;сельское;поселение;;;;;;;;;;;;;;;;;;;;;;;;
32,тер,Рогнединское;городское;поселение;;;;;;;;;;;;;;;;;;;;;;;;
32,тер,Роговское;сельское;поселение;;;;;;;;;;;;;;;;;;;;;;;;
32,тер,Рябчинское;сельское;поселение;;;;;;;;;;;;;;;;;;;;;;;;
32,тер,Селиловичское;сельское;поселение;;;;;;;;;;;;;;;;;;;;;;;;
32,тер,Сергеевское;сельское;поселение;;;;;;;;;;;;;;;;;;;;;;;;
32,тер,Сещинское;сельское;поселение;;;;;;;;;;;;;;;;;;;;;;;;
32,тер,Сныткинское;сельское;поселение;;;;;;;;;;;;;;;;;;;;;;;;
32,тер,Сосновское;сельское;поселение;;;;;;;;;;;;;;;;;;;;;;;;
32,тер,Стекляннорадицкое;сельское;поселение;;;;;;;;;;;;;;;;;;;;;;;;
32,тер,Столбовское;сельское;поселение;;;;;;;;;;;;;;;;;;;;;;;;
32,тер,Супоневское;сельское;поселение;;;;;;;;;;;;;;;;;;;;;;;;
32,тер,Троебортновское;сельское;поселение;;;;;;;;;;;;;;;;;;;;;;;;
32,тер,Тюнинское;сельское;поселение;;;;;;;;;;;;;;;;;;;;;;;;
32,тер,Усожское;сельское;поселение;;;;;;;;;;;;;;;;;;;;;;;;
32,тер,Утынское;сельское;поселение;;;;;;;;;;;;;;;;;;;;;;;;
32,тер,Федоровское;сельское;поселение;;;;;;;;;;;;;;;;;;;;;;;;
32,тер,Хмелевское;сельское;поселение;;;;;;;;;;;;;;;;;;;;;;;;
32,тер,Чемлыжское;сельское;поселение;;;;;;;;;;;;;;;;;;;;;;;;
32,тер,Чернетовское;сельское;поселение;;;;;;;;;;;;;;;;;;;;;;;;
32,тер,Шаровичское;сельское;поселение;;;;;;;;;;;;;;;;;;;;;;;;
33,г.,Александров;;;;;;;;;;;;;;;;;;;;;;;;;;
33,г.,Владимир;;;;;;;;;;;;;;;;;;;;;;;;;;
33,г.,Вязники;;;;;;;;;;;;;;;;;;;;;;;;;;
33,г.,Гороховец;;;;;;;;;;;;;;;;;;;;;;;;;;
33,г.,Гусь-Хрустальный;;;;;;;;;;;;;;;;;;;;;;;;;;
33,г.,Камешково;;;;;;;;;;;;;;;;;;;;;;;;;;
33,г.,Карабаново;;;;;;;;;;;;;;;;;;;;;;;;;;
33,г.,Киржач;;;;;;;;;;;;;;;;;;;;;;;;;;
33,г.,Ковров;;;;;;;;;;;;;;;;;;;;;;;;;;
33,г.,Кольчугино;;;;;;;;;;;;;;;;;;;;;;;;;;
33,г.,Костерево;;;;;;;;;;;;;;;;;;;;;;;;;;
33,г.,Курлово;;;;;;;;;;;;;;;;;;;;;;;;;;
33,г.,Лакинск;;;;;;;;;;;;;;;;;;;;;;;;;;
33,г.,Меленки;;;;;;;;;;;;;;;;;;;;;;;;;;
33,г.,Муром;;;;;;;;;;;;;;;;;;;;;;;;;;
33,г.,Петушки;;;;;;;;;;;;;;;;;;;;;;;;;;
33,г.,Покров;;;;;;;;;;;;;;;;;;;;;;;;;;
33,г.,Радужный;;;;;;;;;;;;;;;;;;;;;;;;;;
33,г.,Собинка;;;;;;;;;;;;;;;;;;;;;;;;;;
33,г.,Струнино;;;;;;;;;;;;;;;;;;;;;;;;;;
33,г.,Судогда;;;;;;;;;;;;;;;;;;;;;;;;;;
33,г.,Суздаль;;;;;;;;;;;;;;;;;;;;;;;;;;
33,г.,Юрьев-Польский;;;;;;;;;;;;;;;;;;;;;;;;;;
33,п,Балакирево;;;;;;;;;;;;;;;;;;;;;;;;;;
33,п,Вольгинский;;;;;;;;;;;;;;;;;;;;;;;;;;
33,п,Городищи;;;;;;;;;;;;;;;;;;;;;;;;;;
33,п,Красная;Горбатка;;;;;;;;;;;;;;;;;;;;;;;;;
33,п,Мелехово;;;;;;;;;;;;;;;;;;;;;;;;;;
33,п,Мстёра;;;;;;;;;;;;;;;;;;;;;;;;;;
33,п,Никологоры;;;;;;;;;;;;;;;;;;;;;;;;;;
33,п,Ставрово;;;;;;;;;;;;;;;;;;;;;;;;;;
34,г.,Волгоград;;;;;;;;;;;;;;;;;;;;;;;;;;
34,г.,Волжский;;;;;;;;;;;;;;;;;;;;;;;;;;
34,г.,Дубовка;;;;;;;;;;;;;;;;;;;;;;;;;;
34,г.,Жирновск;;;;;;;;;;;;;;;;;;;;;;;;;;
34,г.,Калач-на-Дону;;;;;;;;;;;;;;;;;;;;;;;;;;
34,г.,Камышин;;;;;;;;;;;;;;;;;;;;;;;;;;
34,г.,Котельниково;;;;;;;;;;;;;;;;;;;;;;;;;;
34,г.,Котово;;;;;;;;;;;;;;;;;;;;;;;;;;
34,г.,Краснослободск;;;;;;;;;;;;;;;;;;;;;;;;;;
34,г.,Ленинск;;;;;;;;;;;;;;;;;;;;;;;;;;
34,г.,Михайловка;;;;;;;;;;;;;;;;;;;;;;;;;;
34,г.,Николаевск;;;;;;;;;;;;;;;;;;;;;;;;;;
34,г.,Новоаннинский;;;;;;;;;;;;;;;;;;;;;;;;;;
34,г.,Палласовка;;;;;;;;;;;;;;;;;;;;;;;;;;
34,г.,Петров;Вал;;;;;;;;;;;;;;;;;;;;;;;;;
34,г.,Серафимович;;;;;;;;;;;;;;;;;;;;;;;;;;
34,г.,Суровикино;;;;;;;;;;;;;;;;;;;;;;;;;;
34,г.,Урюпинск;;;;;;;;;;;;;;;;;;;;;;;;;;
34,г.,Фролово;;;;;;;;;;;;;;;;;;;;;;;;;;
35,г.,Бабаево;;;;;;;;;;;;;;;;;;;;;;;;;;
35,г.,Белозерск;;;;;;;;;;;;;;;;;;;;;;;;;;
35,г.,Великий;Устюг;;;;;;;;;;;;;;;;;;;;;;;;;
35,г.,Вологда;;;;;;;;;;;;;;;;;;;;;;;;;;
35,г.,Вытегра;;;;;;;;;;;;;;;;;;;;;;;;;;
35,г.,Грязовец;;;;;;;;;;;;;;;;;;;;;;;;;;
35,г.,Кадников;;;;;;;;;;;;;;;;;;;;;;;;;;
35,г.,Кириллов;;;;;;;;;;;;;;;;;;;;;;;;;;
35,г.,Красавино;;;;;;;;;;;;;;;;;;;;;;;;;;
35,г.,Никольск;;;;;;;;;;;;;;;;;;;;;;;;;;
35,г.,Сокол;;;;;;;;;;;;;;;;;;;;;;;;;;
35,г.,Тотьма;;;;;;;;;;;;;;;;;;;;;;;;;;
35,г.,Устюжна;;;;;;;;;;;;;;;;;;;;;;;;;;
35,г.,Харовск;;;;;;;;;;;;;;;;;;;;;;;;;;
35,г.,Череповец;;;;;;;;;;;;;;;;;;;;;;;;;;
35,с.п.,Подлесное;;;;;;;;;;;;;;;;;;;;;;;;;;
35,с.п.,Семенковское;;;;;;;;;;;;;;;;;;;;;;;;;;
35,с.п.,Сосновское;;;;;;;;;;;;;;;;;;;;;;;;;;
35,с.п.,Старосельское;;;;;;;;;;;;;;;;;;;;;;;;;;
35,с/мо,Городское;поселение;поселок;Шексна;;;;;;;;;;;;;;;;;;;;;;;
35,с/мо,Сельское;поселение;Ершовское;;;;;;;;;;;;;;;;;;;;;;;;
35,с/мо,Сельское;поселение;Никольское;;;;;;;;;;;;;;;;;;;;;;;;
35,с/п,Мегорское;;;;;;;;;;;;;;;;;;;;;;;;;;
36,г.,Бобров;;;;;;;;;;;;;;;;;;;;;;;;;;
36,г.,Богучар;;;;;;;;;;;;;;;;;;;;;;;;;;
36,г.,Борисоглебск;;;;;;;;;;;;;;;;;;;;;;;;;;
36,г.,Бутурлиновка;;;;;;;;;;;;;;;;;;;;;;;;;;
36,г.,Воронеж;;;;;;;;;;;;;;;;;;;;;;;;;;
36,г.,Воронеж-45;;;;;;;;;;;;;;;;;;;;;;;;;;
36,г.,Калач;;;;;;;;;;;;;;;;;;;;;;;;;;
36,г.,Лиски;;;;;;;;;;;;;;;;;;;;;;;;;;
36,г.,Нововоронеж;;;;;;;;;;;;;;;;;;;;;;;;;;
36,г.,Новохопёрск;;;;;;;;;;;;;;;;;;;;;;;;;;
36,г.,Острогожск;;;;;;;;;;;;;;;;;;;;;;;;;;
36,г.,Павловск;;;;;;;;;;;;;;;;;;;;;;;;;;
36,г.,Поворино;;;;;;;;;;;;;;;;;;;;;;;;;;
36,г.,Россошь;;;;;;;;;;;;;;;;;;;;;;;;;;
36,г.,Семилуки;;;;;;;;;;;;;;;;;;;;;;;;;;
36,г.,Эртиль;;;;;;;;;;;;;;;;;;;;;;;;;;
37,г.,Вичуга;;;;;;;;;;;;;;;;;;;;;;;;;;
37,г.,Гаврилов;Посад;;;;;;;;;;;;;;;;;;;;;;;;;
37,г.,Заволжск;;;;;;;;;;;;;;;;;;;;;;;;;;
37,г.,Иваново;;;;;;;;;;;;;;;;;;;;;;;;;;
37,г.,Кинешма;;;;;;;;;;;;;;;;;;;;;;;;;;
37,г.,Кохма;;;;;;;;;;;;;;;;;;;;;;;;;;
37,г.,Наволоки;;;;;;;;;;;;;;;;;;;;;;;;;;
37,г.,Плес;;;;;;;;;;;;;;;;;;;;;;;;;;
37,г.,Приволжск;;;;;;;;;;;;;;;;;;;;;;;;;;
37,г.,Пучеж;;;;;;;;;;;;;;;;;;;;;;;;;;
37,г.,Родники;;;;;;;;;;;;;;;;;;;;;;;;;;
37,г.,Тейково;;;;;;;;;;;;;;;;;;;;;;;;;;
37,г.,Фурманов;;;;;;;;;;;;;;;;;;;;;;;;;;
37,г.,Шуя;;;;;;;;;;;;;;;;;;;;;;;;;;
37,г.,Южа;;;;;;;;;;;;;;;;;;;;;;;;;;
37,г.,Юрьевец;;;;;;;;;;;;;;;;;;;;;;;;;;
37,г.,Комсомольск;;;;;;;;;;;;;;;;;;;;;;;;;;
38,г.,Алзамай;;;;;;;;;;;;;;;;;;;;;;;;;;
38,г.,Ангарск;;;;;;;;;;;;;;;;;;;;;;;;;;
38,г.,Байкальск;;;;;;;;;;;;;;;;;;;;;;;;;;
38,г.,Бирюсинск;;;;;;;;;;;;;;;;;;;;;;;;;;
38,г.,Бодайбо;;;;;;;;;;;;;;;;;;;;;;;;;;
38,г.,Братск;;;;;;;;;;;;;;;;;;;;;;;;;;
38,г.,Вихоревка;;;;;;;;;;;;;;;;;;;;;;;;;;
38,г.,Железногорск-Илимский;;;;;;;;;;;;;;;;;;;;;;;;;;
38,г.,Зима;;;;;;;;;;;;;;;;;;;;;;;;;;
38,г.,Иркутск;;;;;;;;;;;;;;;;;;;;;;;;;;
38,г.,Киренск;;;;;;;;;;;;;;;;;;;;;;;;;;
38,г.,Нижнеудинск;;;;;;;;;;;;;;;;;;;;;;;;;;
38,г.,Саянск;;;;;;;;;;;;;;;;;;;;;;;;;;
38,г.,Свирск;;;;;;;;;;;;;;;;;;;;;;;;;;
38,г.,Слюдянка;;;;;;;;;;;;;;;;;;;;;;;;;;
38,г.,Тайшет;;;;;;;;;;;;;;;;;;;;;;;;;;
38,г.,Тулун;;;;;;;;;;;;;;;;;;;;;;;;;;
38,г.,Усолье-Сибирское;;;;;;;;;;;;;;;;;;;;;;;;;;
38,г.,Усть-Илимск;;;;;;;;;;;;;;;;;;;;;;;;;;
38,г.,Усть-Кут;;;;;;;;;;;;;;;;;;;;;;;;;;
38,г.,Черемхово;;;;;;;;;;;;;;;;;;;;;;;;;;
38,г.,Шелехов;;;;;;;;;;;;;;;;;;;;;;;;;;
39,г.,Багратионовск;;;;;;;;;;;;;;;;;;;;;;;;;;
39,г.,Балтийск;;;;;;;;;;;;;;;;;;;;;;;;;;
39,г.,Гвардейск;;;;;;;;;;;;;;;;;;;;;;;;;;
39,г.,Гусев;;;;;;;;;;;;;;;;;;;;;;;;;;
39,г.,Зеленоградск;;;;;;;;;;;;;;;;;;;;;;;;;;
39,г.,Калининград;;;;;;;;;;;;;;;;;;;;;;;;;;
39,г.,Краснознаменск;;;;;;;;;;;;;;;;;;;;;;;;;;
39,г.,Ладушкин;;;;;;;;;;;;;;;;;;;;;;;;;;
39,г.,Мамоново;;;;;;;;;;;;;;;;;;;;;;;;;;
39,г.,Неман;;;;;;;;;;;;;;;;;;;;;;;;;;
39,г.,Нестеров;;;;;;;;;;;;;;;;;;;;;;;;;;
39,г.,Озерск;;;;;;;;;;;;;;;;;;;;;;;;;;
39,г.,Пионерский;;;;;;;;;;;;;;;;;;;;;;;;;;
39,г.,Полесск;;;;;;;;;;;;;;;;;;;;;;;;;;
39,г.,Правдинск;;;;;;;;;;;;;;;;;;;;;;;;;;
39,г.,Приморск;;;;;;;;;;;;;;;;;;;;;;;;;;
39,г.,Светлогорск;;;;;;;;;;;;;;;;;;;;;;;;;;
39,г.,Светлый;;;;;;;;;;;;;;;;;;;;;;;;;;
39,г.,Славск;;;;;;;;;;;;;;;;;;;;;;;;;;
39,г.,Советск;;;;;;;;;;;;;;;;;;;;;;;;;;
39,г.,Черняховск;;;;;;;;;;;;;;;;;;;;;;;;;;
39,г.,Гурьевск;;;;;;;;;;;;;;;;;;;;;;;;;;
39,пгт,Янтарный;;;;;;;;;;;;;;;;;;;;;;;;;;
40,г.,Балабаново;;;;;;;;;;;;;;;;;;;;;;;;;;
40,г.,Белоусово;;;;;;;;;;;;;;;;;;;;;;;;;;
40,г.,Боровск;;;;;;;;;;;;;;;;;;;;;;;;;;
40,г.,Ермолино;;;;;;;;;;;;;;;;;;;;;;;;;;
40,г.,Жуков;;;;;;;;;;;;;;;;;;;;;;;;;;
40,г.,Калуга;;;;;;;;;;;;;;;;;;;;;;;;;;
40,г.,Киров;;;;;;;;;;;;;;;;;;;;;;;;;;
40,г.,Козельск;;;;;;;;;;;;;;;;;;;;;;;;;;
40,г.,Кондрово;;;;;;;;;;;;;;;;;;;;;;;;;;
40,г.,Кременки;;;;;;;;;;;;;;;;;;;;;;;;;;
40,г.,Малоярославец;;;;;;;;;;;;;;;;;;;;;;;;;;
40,г.,Медынь;;;;;;;;;;;;;;;;;;;;;;;;;;
40,г.,Мещовск;;;;;;;;;;;;;;;;;;;;;;;;;;
40,г.,Мосальск;;;;;;;;;;;;;;;;;;;;;;;;;;
40,г.,Обнинск;;;;;;;;;;;;;;;;;;;;;;;;;;
40,г.,Сосенский;;;;;;;;;;;;;;;;;;;;;;;;;;
40,г.,Спас-Деменск;;;;;;;;;;;;;;;;;;;;;;;;;;
40,г.,Сухиничи;;;;;;;;;;;;;;;;;;;;;;;;;;
40,г.,Таруса;;;;;;;;;;;;;;;;;;;;;;;;;;
40,г.,Юхнов;;;;;;;;;;;;;;;;;;;;;;;;;;
40,г.,Юхнов-1;;;;;;;;;;;;;;;;;;;;;;;;;;
40,г.,Жиздра;;;;;;;;;;;;;;;;;;;;;;;;;;
40,г.,Людиново;;;;;;;;;;;;;;;;;;;;;;;;;;
41,г.,Вилючинск;;;;;;;;;;;;;;;;;;;;;;;;;;
41,г.,Елизово;;;;;;;;;;;;;;;;;;;;;;;;;;
41,г.,Петропавловск-Камчатский;;;;;;;;;;;;;;;;;;;;;;;;;;
42,г.,Анжеро-Судженск;;;;;;;;;;;;;;;;;;;;;;;;;;
42,г.,Белово;;;;;;;;;;;;;;;;;;;;;;;;;;
42,г.,Гурьевск;;;;;;;;;;;;;;;;;;;;;;;;;;
42,г.,Калтан;;;;;;;;;;;;;;;;;;;;;;;;;;
42,г.,Кемерово;;;;;;;;;;;;;;;;;;;;;;;;;;
42,г.,Киселевск;;;;;;;;;;;;;;;;;;;;;;;;;;
42,г.,Ленинск-Кузнецкий;;;;;;;;;;;;;;;;;;;;;;;;;;
42,г.,Мариинск;;;;;;;;;;;;;;;;;;;;;;;;;;
42,г.,Междуреченск;;;;;;;;;;;;;;;;;;;;;;;;;;
42,г.,Мыски;;;;;;;;;;;;;;;;;;;;;;;;;;
42,г.,Новокузнецк;;;;;;;;;;;;;;;;;;;;;;;;;;
42,г.,Осинники;;;;;;;;;;;;;;;;;;;;;;;;;;
42,г.,Полысаево;;;;;;;;;;;;;;;;;;;;;;;;;;
42,г.,Прокопьевск;;;;;;;;;;;;;;;;;;;;;;;;;;
42,г.,Салаир;;;;;;;;;;;;;;;;;;;;;;;;;;
42,г.,Тайга;;;;;;;;;;;;;;;;;;;;;;;;;;
42,г.,Таштагол;;;;;;;;;;;;;;;;;;;;;;;;;;
42,г.,Топки;;;;;;;;;;;;;;;;;;;;;;;;;;
42,г.,Юрга;;;;;;;;;;;;;;;;;;;;;;;;;;
42,г.,Березовский;;;;;;;;;;;;;;;;;;;;;;;;;;
42,пгт,Белогорск;;;;;;;;;;;;;;;;;;;;;;;;;;
42,пгт,Верх-Чебула;;;;;;;;;;;;;;;;;;;;;;;;;;
42,пгт,Зеленогорский;;;;;;;;;;;;;;;;;;;;;;;;;;
42,пгт,Ижморский;;;;;;;;;;;;;;;;;;;;;;;;;;
42,пгт,Итатский;;;;;;;;;;;;;;;;;;;;;;;;;;
42,пгт,Каз;;;;;;;;;;;;;;;;;;;;;;;;;;
42,пгт,Комсомольск;;;;;;;;;;;;;;;;;;;;;;;;;;
42,пгт,Крапивинский;;;;;;;;;;;;;;;;;;;;;;;;;;
42,пгт,Мундыбаш;;;;;;;;;;;;;;;;;;;;;;;;;;
42,пгт,Промышленная;;;;;;;;;;;;;;;;;;;;;;;;;;
42,пгт,Спасск;;;;;;;;;;;;;;;;;;;;;;;;;;
42,пгт,Темиртау;;;;;;;;;;;;;;;;;;;;;;;;;;
42,пгт,Тисуль;;;;;;;;;;;;;;;;;;;;;;;;;;
42,пгт,Тяжинский;;;;;;;;;;;;;;;;;;;;;;;;;;
42,пгт,Шерегеш;;;;;;;;;;;;;;;;;;;;;;;;;;
42,пгт,Яшкино;;;;;;;;;;;;;;;;;;;;;;;;;;
42,пгт,Яя;;;;;;;;;;;;;;;;;;;;;;;;;;
42,пгт,Краснобродский;;;;;;;;;;;;;;;;;;;;;;;;;;
43,г.,Белая;Холуница;;;;;;;;;;;;;;;;;;;;;;;;;
43,г.,Вятские;Поляны;;;;;;;;;;;;;;;;;;;;;;;;;
43,г.,Зуевка;;;;;;;;;;;;;;;;;;;;;;;;;;
43,г.,Киров;;;;;;;;;;;;;;;;;;;;;;;;;;
43,г.,Кирс;;;;;;;;;;;;;;;;;;;;;;;;;;
43,г.,Луза;;;;;;;;;;;;;;;;;;;;;;;;;;
43,г.,Малмыж;;;;;;;;;;;;;;;;;;;;;;;;;;
43,г.,Мураши;;;;;;;;;;;;;;;;;;;;;;;;;;
43,г.,Нолинск;;;;;;;;;;;;;;;;;;;;;;;;;;
43,г.,Омутнинск;;;;;;;;;;;;;;;;;;;;;;;;;;
43,г.,Орлов;;;;;;;;;;;;;;;;;;;;;;;;;;
43,г.,Советск;;;;;;;;;;;;;;;;;;;;;;;;;;
43,г.,Сосновка;;;;;;;;;;;;;;;;;;;;;;;;;;
43,г.,Уржум;;;;;;;;;;;;;;;;;;;;;;;;;;
43,г.,Яранск;;;;;;;;;;;;;;;;;;;;;;;;;;
43,г.,Кирово-Чепецк;;;;;;;;;;;;;;;;;;;;;;;;;;
43,г.,Котельнич;;;;;;;;;;;;;;;;;;;;;;;;;;
43,г.,Слободской;;;;;;;;;;;;;;;;;;;;;;;;;;
43,пгт,Первомайский;;;;;;;;;;;;;;;;;;;;;;;;;;
43,с/п,Аджимское;;;;;;;;;;;;;;;;;;;;;;;;;;
43,с/п,Адышевское;;;;;;;;;;;;;;;;;;;;;;;;;;
43,с/п,Александровское;;;;;;;;;;;;;;;;;;;;;;;;;;
43,с/п,Арыкское;;;;;;;;;;;;;;;;;;;;;;;;;;
43,с/п,Байсинское;;;;;;;;;;;;;;;;;;;;;;;;;;
43,с/п,Белореченское;;;;;;;;;;;;;;;;;;;;;;;;;;
43,с/п,Березниковское;;;;;;;;;;;;;;;;;;;;;;;;;;
43,с/п,Биртяевское;;;;;;;;;;;;;;;;;;;;;;;;;;
43,с/п,Бобинское;;;;;;;;;;;;;;;;;;;;;;;;;;
43,с/п,Богдановское;;;;;;;;;;;;;;;;;;;;;;;;;;
43,с/п,Большевистское;;;;;;;;;;;;;;;;;;;;;;;;;;
43,с/п,Большекитякское;;;;;;;;;;;;;;;;;;;;;;;;;;
43,с/п,Большеперелазское;;;;;;;;;;;;;;;;;;;;;;;;;;
43,с/п,Большепорекское;;;;;;;;;;;;;;;;;;;;;;;;;;
43,с/п,Большеройское;;;;;;;;;;;;;;;;;;;;;;;;;;
43,с/п,Буйское;;;;;;;;;;;;;;;;;;;;;;;;;;
43,с/п,Бурашевское;;;;;;;;;;;;;;;;;;;;;;;;;;
43,с/п,Бурмакинское;;;;;;;;;;;;;;;;;;;;;;;;;;
43,с/п,Быдановское;;;;;;;;;;;;;;;;;;;;;;;;;;
43,с/п,Быстрицкое;;;;;;;;;;;;;;;;;;;;;;;;;;
43,с/п,Великорецкое;;;;;;;;;;;;;;;;;;;;;;;;;;
43,с/п,Верхобыстрицкое;;;;;;;;;;;;;;;;;;;;;;;;;;
43,с/п,Верховинское;;;;;;;;;;;;;;;;;;;;;;;;;;
43,с/п,Верховонданское;;;;;;;;;;;;;;;;;;;;;;;;;;
43,с/п,Вихаревское;;;;;;;;;;;;;;;;;;;;;;;;;;
43,с/п,Вичевское;;;;;;;;;;;;;;;;;;;;;;;;;;
43,с/п,Вишкильское;;;;;;;;;;;;;;;;;;;;;;;;;;
43,с/п,Вожгальское;;;;;;;;;;;;;;;;;;;;;;;;;;
43,с/п,Вонданское;;;;;;;;;;;;;;;;;;;;;;;;;;
43,с/п,Всехсвятское;;;;;;;;;;;;;;;;;;;;;;;;;;
43,с/п,Высокораменское;;;;;;;;;;;;;;;;;;;;;;;;;;
43,с/п,Вятское;;;;;;;;;;;;;;;;;;;;;;;;;;
43,с/п,Гарское;;;;;;;;;;;;;;;;;;;;;;;;;;
43,с/п,Гирсовское;;;;;;;;;;;;;;;;;;;;;;;;;;
43,с/п,Гостовское;;;;;;;;;;;;;;;;;;;;;;;;;;
43,с/п,Грековское;;;;;;;;;;;;;;;;;;;;;;;;;;
43,с/п,Гремячевское;;;;;;;;;;;;;;;;;;;;;;;;;;
43,с/п,Греховское;;;;;;;;;;;;;;;;;;;;;;;;;;
43,с/п,Гуренское;;;;;;;;;;;;;;;;;;;;;;;;;;
43,с/п,Дамаскинское;;;;;;;;;;;;;;;;;;;;;;;;;;
43,с/п,Денисовское;;;;;;;;;;;;;;;;;;;;;;;;;;
43,с/п,Донауровское;;;;;;;;;;;;;;;;;;;;;;;;;;
43,с/п,Дубровское;;;;;;;;;;;;;;;;;;;;;;;;;;
43,с/п,Ежихинское;;;;;;;;;;;;;;;;;;;;;;;;;;
43,с/п,Ершовское;;;;;;;;;;;;;;;;;;;;;;;;;;
43,с/п,Загарское;;;;;;;;;;;;;;;;;;;;;;;;;;
43,с/п,Зайцевское;;;;;;;;;;;;;;;;;;;;;;;;;;
43,с/п,Закаринское;;;;;;;;;;;;;;;;;;;;;;;;;;
43,с/п,Залазнинское;;;;;;;;;;;;;;;;;;;;;;;;;;
43,с/п,Зашижемское;;;;;;;;;;;;;;;;;;;;;;;;;;
43,с/п,Зимнякское;;;;;;;;;;;;;;;;;;;;;;;;;;
43,с/п,Знаменское;;;;;;;;;;;;;;;;;;;;;;;;;;
43,с/п,Зоновское;;;;;;;;;;;;;;;;;;;;;;;;;;
43,с/п,Зуевское;;;;;;;;;;;;;;;;;;;;;;;;;;
43,с/п,Ивановское;;;;;;;;;;;;;;;;;;;;;;;;;;
43,с/п,Ильинское;;;;;;;;;;;;;;;;;;;;;;;;;;
43,с/п,Истобенское;;;;;;;;;;;;;;;;;;;;;;;;;;
43,с/п,Каксинвайское;;;;;;;;;;;;;;;;;;;;;;;;;;
43,с/п,Калачиговское;;;;;;;;;;;;;;;;;;;;;;;;;;
43,с/п,Калининское;;;;;;;;;;;;;;;;;;;;;;;;;;
43,с/п,Каринское;;;;;;;;;;;;;;;;;;;;;;;;;;
43,с/п,Карпушинское;;;;;;;;;;;;;;;;;;;;;;;;;;
43,с/п,Кичминское;;;;;;;;;;;;;;;;;;;;;;;;;;
43,с/п,Климковское;;;;;;;;;;;;;;;;;;;;;;;;;;
43,с/п,Кобринское;;;;;;;;;;;;;;;;;;;;;;;;;;
43,с/п,Кобрское;;;;;;;;;;;;;;;;;;;;;;;;;;
43,с/п,Кокуйское;;;;;;;;;;;;;;;;;;;;;;;;;;
43,с/п,Колянурское;;;;;;;;;;;;;;;;;;;;;;;;;;
43,с/п,Комсомольское;;;;;;;;;;;;;;;;;;;;;;;;;;
43,с/п,Константиновское;;;;;;;;;;;;;;;;;;;;;;;;;;
43,с/п,Коныпское;;;;;;;;;;;;;;;;;;;;;;;;;;
43,с/п,Кордяжское;;;;;;;;;;;;;;;;;;;;;;;;;;
43,с/п,Коршикское;;;;;;;;;;;;;;;;;;;;;;;;;;
43,с/п,Косинское;;;;;;;;;;;;;;;;;;;;;;;;;;
43,с/п,Котельничское;;;;;;;;;;;;;;;;;;;;;;;;;;
43,с/п,Красногорское;;;;;;;;;;;;;;;;;;;;;;;;;;
43,с/п,Красноярское;;;;;;;;;;;;;;;;;;;;;;;;;;
43,с/п,Кстининское;;;;;;;;;;;;;;;;;;;;;;;;;;
43,с/п,Кугальское;;;;;;;;;;;;;;;;;;;;;;;;;;
43,с/п,Кугушергское;;;;;;;;;;;;;;;;;;;;;;;;;;
43,с/п,Кулыжское;;;;;;;;;;;;;;;;;;;;;;;;;;
43,с/п,Куменское;;;;;;;;;;;;;;;;;;;;;;;;;;
43,с/п,Курчумское;;;;;;;;;;;;;;;;;;;;;;;;;;
43,с/п,Кучелаповское;;;;;;;;;;;;;;;;;;;;;;;;;;
43,с/п,Кырчанское;;;;;;;;;;;;;;;;;;;;;;;;;;
43,с/п,Лазаревское;;;;;;;;;;;;;;;;;;;;;;;;;;
43,с/п,Ленинское;;;;;;;;;;;;;;;;;;;;;;;;;;
43,с/п,Лесниковское;;;;;;;;;;;;;;;;;;;;;;;;;;
43,с/п,Леснополянское;;;;;;;;;;;;;;;;;;;;;;;;;;
43,с/п,Лопьяльское;;;;;;;;;;;;;;;;;;;;;;;;;;
43,с/п,Лошкаринское;;;;;;;;;;;;;;;;;;;;;;;;;;
43,с/п,Лугоболотное;;;;;;;;;;;;;;;;;;;;;;;;;;
43,с/п,Лудянское;;;;;;;;;;;;;;;;;;;;;;;;;;
43,с/п,Лузянское;;;;;;;;;;;;;;;;;;;;;;;;;;
43,с/п,Макарьевское;;;;;;;;;;;;;;;;;;;;;;;;;;
43,с/п,Малокильмезское;;;;;;;;;;;;;;;;;;;;;;;;;;
43,с/п,Мари-Малмыжское;;;;;;;;;;;;;;;;;;;;;;;;;;
43,с/п,Медведское;;;;;;;;;;;;;;;;;;;;;;;;;;
43,с/п,Медянское;;;;;;;;;;;;;;;;;;;;;;;;;;
43,с/п,Мелетское;;;;;;;;;;;;;;;;;;;;;;;;;;
43,с/п,Михайловское;;;;;;;;;;;;;;;;;;;;;;;;;;
43,с/п,Мокинское;;;;;;;;;;;;;;;;;;;;;;;;;;
43,с/п,Мокрецовское;;;;;;;;;;;;;;;;;;;;;;;;;;
43,с/п,Молотниковское;;;;;;;;;;;;;;;;;;;;;;;;;;
43,с/п,Морозовское;;;;;;;;;;;;;;;;;;;;;;;;;;
43,с/п,Моторское;;;;;;;;;;;;;;;;;;;;;;;;;;
43,с/п,Мулинское;;;;;;;;;;;;;;;;;;;;;;;;;;
43,с/п,Мухинское;;;;;;;;;;;;;;;;;;;;;;;;;;
43,с/п,Мякишинское;;;;;;;;;;;;;;;;;;;;;;;;;;
43,с/п,Никольское;;;;;;;;;;;;;;;;;;;;;;;;;;
43,с/п,Никулятское;;;;;;;;;;;;;;;;;;;;;;;;;;
43,с/п,Новобурецкое;;;;;;;;;;;;;;;;;;;;;;;;;;
43,с/п,Новосмаильское;;;;;;;;;;;;;;;;;;;;;;;;;;
43,с/п,Новотроицкое;;;;;;;;;;;;;;;;;;;;;;;;;;
43,с/п,Ныровское;;;;;;;;;;;;;;;;;;;;;;;;;;
43,с/п,Озерницкое;;;;;;;;;;;;;;;;;;;;;;;;;;
43,с/п,Октябрьское;;;;;;;;;;;;;;;;;;;;;;;;;;
43,с/п,Омгинское;;;;;;;;;;;;;;;;;;;;;;;;;;
43,с/п,Опытнопольское;;;;;;;;;;;;;;;;;;;;;;;;;;
43,с/п,Орловское;;;;;;;;;;;;;;;;;;;;;;;;;;
43,с/п,Пасеговское;;;;;;;;;;;;;;;;;;;;;;;;;;
43,с/п,Паскинское;;;;;;;;;;;;;;;;;;;;;;;;;;
43,с/п,Пачинское;;;;;;;;;;;;;;;;;;;;;;;;;;
43,с/п,Перевозское;;;;;;;;;;;;;;;;;;;;;;;;;;
43,с/п,Петровское;;;;;;;;;;;;;;;;;;;;;;;;;;
43,с/п,Пиксурское;;;;;;;;;;;;;;;;;;;;;;;;;;
43,с/п,Пиляндышевское;;;;;;;;;;;;;;;;;;;;;;;;;;
43,с/п,Пищальское;;;;;;;;;;;;;;;;;;;;;;;;;;
43,с/п,Плотбищенское;;;;;;;;;;;;;;;;;;;;;;;;;;
43,с/п,Подгорцевское;;;;;;;;;;;;;;;;;;;;;;;;;;
43,с/п,Подрезчихинское;;;;;;;;;;;;;;;;;;;;;;;;;;
43,с/п,Покровское;;;;;;;;;;;;;;;;;;;;;;;;;;
43,с/п,Поломское;;;;;;;;;;;;;;;;;;;;;;;;;;
43,с/п,Преображенское;;;;;;;;;;;;;;;;;;;;;;;;;;
43,с/п,Прозоровское;;;;;;;;;;;;;;;;;;;;;;;;;;
43,с/п,Прокопьевское;;;;;;;;;;;;;;;;;;;;;;;;;;
43,с/п,Просницкое;;;;;;;;;;;;;;;;;;;;;;;;;;
43,с/п,Пунгинское;;;;;;;;;;;;;;;;;;;;;;;;;;
43,с/п,Пустошенское;;;;;;;;;;;;;;;;;;;;;;;;;;
43,с/п,Пушемское;;;;;;;;;;;;;;;;;;;;;;;;;;
43,с/п,Ракаловское;;;;;;;;;;;;;;;;;;;;;;;;;;
43,с/п,Ральниковское;;;;;;;;;;;;;;;;;;;;;;;;;;
43,с/п,Речное;;;;;;;;;;;;;;;;;;;;;;;;;;
43,с/п,Родичевское;;;;;;;;;;;;;;;;;;;;;;;;;;
43,с/п,Родыгинское;;;;;;;;;;;;;;;;;;;;;;;;;;
43,с/п,Рожкинское;;;;;;;;;;;;;;;;;;;;;;;;;;
43,с/п,Рублевское;;;;;;;;;;;;;;;;;;;;;;;;;;
43,с/п,Русско-Турекское;;;;;;;;;;;;;;;;;;;;;;;;;;
43,с/п,Рыбно-Ватажское;;;;;;;;;;;;;;;;;;;;;;;;;;
43,с/п,Рябиновское;;;;;;;;;;;;;;;;;;;;;;;;;;
43,с/п,Савальское;;;;;;;;;;;;;;;;;;;;;;;;;;
43,с/п,Савиновское;;;;;;;;;;;;;;;;;;;;;;;;;;
43,с/п,Салобелякское;;;;;;;;;;;;;;;;;;;;;;;;;;
43,с/п,Светловское;;;;;;;;;;;;;;;;;;;;;;;;;;
43,с/п,Светозаревское;;;;;;;;;;;;;;;;;;;;;;;;;;
43,с/п,Сезеневское;;;;;;;;;;;;;;;;;;;;;;;;;;
43,с/п,Селезеневское;;;;;;;;;;;;;;;;;;;;;;;;;;
43,с/п,Селинское;;;;;;;;;;;;;;;;;;;;;;;;;;
43,с/п,Семушинское;;;;;;;;;;;;;;;;;;;;;;;;;;
43,с/п,Сердежское;;;;;;;;;;;;;;;;;;;;;;;;;;
43,с/п,Синегорское;;;;;;;;;;;;;;;;;;;;;;;;;;
43,с/п,Слудское;;;;;;;;;;;;;;;;;;;;;;;;;;
43,с/п,Соколовское;;;;;;;;;;;;;;;;;;;;;;;;;;
43,с/п,Спас-Талицкое;;;;;;;;;;;;;;;;;;;;;;;;;;
43,с/п,Спасское;;;;;;;;;;;;;;;;;;;;;;;;;;
43,с/п,Среднеивкинское;;;;;;;;;;;;;;;;;;;;;;;;;;
43,с/п,Среднетойменское;;;;;;;;;;;;;;;;;;;;;;;;;;
43,с/п,Среднешунское;;;;;;;;;;;;;;;;;;;;;;;;;;
43,с/п,Сретенское;;;;;;;;;;;;;;;;;;;;;;;;;;
43,с/п,Староирюкское;;;;;;;;;;;;;;;;;;;;;;;;;;
43,с/п,Старопинигерское;;;;;;;;;;;;;;;;;;;;;;;;;;
43,с/п,Старотушкинское;;;;;;;;;;;;;;;;;;;;;;;;;;
43,с/п,Стуловское;;;;;;;;;;;;;;;;;;;;;;;;;;
43,с/п,Суводское;;;;;;;;;;;;;;;;;;;;;;;;;;
43,с/п,Сунское;;;;;;;;;;;;;;;;;;;;;;;;;;
43,с/п,Сырдинское;;;;;;;;;;;;;;;;;;;;;;;;;;
43,с/п,Тат-Верх-Гоньбинское;;;;;;;;;;;;;;;;;;;;;;;;;;
43,с/п,Татауровское;;;;;;;;;;;;;;;;;;;;;;;;;;
43,с/п,Торфяное;;;;;;;;;;;;;;;;;;;;;;;;;;
43,с/п,Троицкое;;;;;;;;;;;;;;;;;;;;;;;;;;
43,с/п,Угорское;;;;;;;;;;;;;;;;;;;;;;;;;;
43,с/п,Уржумское;;;;;;;;;;;;;;;;;;;;;;;;;;
43,с/п,Усовское;;;;;;;;;;;;;;;;;;;;;;;;;;
43,с/п,Усть-Люгинское;;;;;;;;;;;;;;;;;;;;;;;;;;
43,с/п,Утмановское;;;;;;;;;;;;;;;;;;;;;;;;;;
43,с/п,Фатеевское;;;;;;;;;;;;;;;;;;;;;;;;;;
43,с/п,Федяковское;;;;;;;;;;;;;;;;;;;;;;;;;;
43,с/п,Филипповское;;;;;;;;;;;;;;;;;;;;;;;;;;
43,с/п,Чеглаковское;;;;;;;;;;;;;;;;;;;;;;;;;;
43,с/п,Чекашевское;;;;;;;;;;;;;;;;;;;;;;;;;;
43,с/п,Чепецкое;;;;;;;;;;;;;;;;;;;;;;;;;;
43,с/п,Черновское;;;;;;;;;;;;;;;;;;;;;;;;;;
43,с/п,Чернохолуницкое;;;;;;;;;;;;;;;;;;;;;;;;;;
43,с/п,Чернушинское;;;;;;;;;;;;;;;;;;;;;;;;;;
43,с/п,Чистопольское;;;;;;;;;;;;;;;;;;;;;;;;;;
43,с/п,Чувашевское;;;;;;;;;;;;;;;;;;;;;;;;;;
43,с/п,Шалеговское;;;;;;;;;;;;;;;;;;;;;;;;;;
43,с/п,Шахровское;;;;;;;;;;;;;;;;;;;;;;;;;;
43,с/п,Шварихинское;;;;;;;;;;;;;;;;;;;;;;;;;;
43,с/п,Шестаковское;;;;;;;;;;;;;;;;;;;;;;;;;;
43,с/п,Шиховское;;;;;;;;;;;;;;;;;;;;;;;;;;
43,с/п,Шкаланское;;;;;;;;;;;;;;;;;;;;;;;;;;
43,с/п,Шурминское;;;;;;;;;;;;;;;;;;;;;;;;;;
43,с/п,Юбилейное;;;;;;;;;;;;;;;;;;;;;;;;;;
43,с/п,Юрьевское;;;;;;;;;;;;;;;;;;;;;;;;;;
43,с/п,Яхреньгское;;;;;;;;;;;;;;;;;;;;;;;;;;
43,тер,Аркульское;городское;поселение;;;;;;;;;;;;;;;;;;;;;;;;
43,тер,Белохолуницкое;городское;поселение;;;;;;;;;;;;;;;;;;;;;;;;
43,тер,Вахрушевское;городское;поселение;;;;;;;;;;;;;;;;;;;;;;;;
43,тер,Верхошижемское;городское;поселение;;;;;;;;;;;;;;;;;;;;;;;;
43,тер,Восточное;городское;поселение;;;;;;;;;;;;;;;;;;;;;;;;
43,тер,Даровское;городское;поселение;;;;;;;;;;;;;;;;;;;;;;;;
43,тер,Демьяновское;городское;поселение;;;;;;;;;;;;;;;;;;;;;;;;
43,тер,Зуевское;городское;поселение;;;;;;;;;;;;;;;;;;;;;;;;
43,тер,Кильмезское;городское;поселение;;;;;;;;;;;;;;;;;;;;;;;;
43,тер,Кирово-Чепецкий;городской;округ;;;;;;;;;;;;;;;;;;;;;;;;
43,тер,Котельнический;городской;округ;;;;;;;;;;;;;;;;;;;;;;;;
43,тер,Краснополянское;городское;поселение;;;;;;;;;;;;;;;;;;;;;;;;
43,тер,Куменское;городское;поселение;;;;;;;;;;;;;;;;;;;;;;;;
43,тер,Левинское;городское;поселение;;;;;;;;;;;;;;;;;;;;;;;;
43,тер,Ленинское;городское;поселение;;;;;;;;;;;;;;;;;;;;;;;;
43,тер,Малмыжское;городское;поселение;;;;;;;;;;;;;;;;;;;;;;;;
43,тер,Мирнинское;городское;поселение;;;;;;;;;;;;;;;;;;;;;;;;
43,тер,Мурыгинское;городское;поселение;;;;;;;;;;;;;;;;;;;;;;;;
43,тер,Нагорское;городское;поселение;;;;;;;;;;;;;;;;;;;;;;;;
43,тер,Нижне-Ивкинское;городское;поселение;;;;;;;;;;;;;;;;;;;;;;;;
43,тер,Нолинское;городское;поселение;;;;;;;;;;;;;;;;;;;;;;;;
43,тер,Омутнинское;городское;поселение;;;;;;;;;;;;;;;;;;;;;;;;
43,тер,Оричевское;городское;поселение;;;;;;;;;;;;;;;;;;;;;;;;
43,тер,Орловское;городское;поселение;;;;;;;;;;;;;;;;;;;;;;;;
43,тер,Песковское;городское;поселение;;;;;;;;;;;;;;;;;;;;;;;;
43,тер,Пинюгское;городское;поселение;;;;;;;;;;;;;;;;;;;;;;;;
43,тер,Подосиновское;городское;поселение;;;;;;;;;;;;;;;;;;;;;;;;
43,тер,Советское;городское;поселение;;;;;;;;;;;;;;;;;;;;;;;;
43,тер,Сосновское;городское;поселение;;;;;;;;;;;;;;;;;;;;;;;;
43,тер,Стрижевское;городское;поселение;;;;;;;;;;;;;;;;;;;;;;;;
43,тер,Сунское;городское;поселение;;;;;;;;;;;;;;;;;;;;;;;;
43,тер,Тужинское;городское;поселение;;;;;;;;;;;;;;;;;;;;;;;;
43,тер,Юрьянское;городское;поселение;;;;;;;;;;;;;;;;;;;;;;;;
43,тер,Яранское;городское;поселение;;;;;;;;;;;;;;;;;;;;;;;;
44,г.,Буй;;;;;;;;;;;;;;;;;;;;;;;;;;
44,г.,Волгореченск;;;;;;;;;;;;;;;;;;;;;;;;;;
44,г.,Галич;;;;;;;;;;;;;;;;;;;;;;;;;;
44,г.,Кологрив;;;;;;;;;;;;;;;;;;;;;;;;;;
44,г.,Кострома;;;;;;;;;;;;;;;;;;;;;;;;;;
44,г.,Макарьев;;;;;;;;;;;;;;;;;;;;;;;;;;
44,г.,Мантурово;;;;;;;;;;;;;;;;;;;;;;;;;;
44,г.,Нерехта;;;;;;;;;;;;;;;;;;;;;;;;;;
44,г.,Нея;;;;;;;;;;;;;;;;;;;;;;;;;;
44,г.,Солигалич;;;;;;;;;;;;;;;;;;;;;;;;;;
44,г.,Чухлома;;;;;;;;;;;;;;;;;;;;;;;;;;
44,г.,Шарья;;;;;;;;;;;;;;;;;;;;;;;;;;
45,г.,Далматово;;;;;;;;;;;;;;;;;;;;;;;;;;
45,г.,Катайск;;;;;;;;;;;;;;;;;;;;;;;;;;
45,г.,Курган;;;;;;;;;;;;;;;;;;;;;;;;;;
45,г.,Куртамыш;;;;;;;;;;;;;;;;;;;;;;;;;;
45,г.,Макушино;;;;;;;;;;;;;;;;;;;;;;;;;;
45,г.,Петухово;;;;;;;;;;;;;;;;;;;;;;;;;;
45,г.,Шадринск;;;;;;;;;;;;;;;;;;;;;;;;;;
45,г.,Щучье;;;;;;;;;;;;;;;;;;;;;;;;;;
45,г.,Шумиха;;;;;;;;;;;;;;;;;;;;;;;;;;
46,г.,Дмитриев;;;;;;;;;;;;;;;;;;;;;;;;;;
46,г.,Железногорск;;;;;;;;;;;;;;;;;;;;;;;;;;
46,г.,Курск;;;;;;;;;;;;;;;;;;;;;;;;;;
46,г.,Курчатов;;;;;;;;;;;;;;;;;;;;;;;;;;
46,г.,Льгов;;;;;;;;;;;;;;;;;;;;;;;;;;
46,г.,Обоянь;;;;;;;;;;;;;;;;;;;;;;;;;;
46,г.,Рыльск;;;;;;;;;;;;;;;;;;;;;;;;;;
46,г.,Суджа;;;;;;;;;;;;;;;;;;;;;;;;;;
46,г.,Фатеж;;;;;;;;;;;;;;;;;;;;;;;;;;
46,г.,Щигры;;;;;;;;;;;;;;;;;;;;;;;;;;
47,г.,Бокситогорск;;;;;;;;;;;;;;;;;;;;;;;;;;
47,г.,Волосово;;;;;;;;;;;;;;;;;;;;;;;;;;
47,г.,Волхов;;;;;;;;;;;;;;;;;;;;;;;;;;
47,г.,Всеволожск;;;;;;;;;;;;;;;;;;;;;;;;;;
47,г.,Выборг;;;;;;;;;;;;;;;;;;;;;;;;;;
47,г.,Высоцк;;;;;;;;;;;;;;;;;;;;;;;;;;
47,г.,Гатчина;;;;;;;;;;;;;;;;;;;;;;;;;;
47,г.,Ивангород;;;;;;;;;;;;;;;;;;;;;;;;;;
47,г.,Каменногорск;;;;;;;;;;;;;;;;;;;;;;;;;;
47,г.,Кингисепп;;;;;;;;;;;;;;;;;;;;;;;;;;
47,г.,Кириши;;;;;;;;;;;;;;;;;;;;;;;;;;
47,г.,Кировск;;;;;;;;;;;;;;;;;;;;;;;;;;
47,г.,Коммунар;;;;;;;;;;;;;;;;;;;;;;;;;;
47,г.,Лодейное;Поле;;;;;;;;;;;;;;;;;;;;;;;;;
47,г.,Луга;;;;;;;;;;;;;;;;;;;;;;;;;;
47,г.,Любань;;;;;;;;;;;;;;;;;;;;;;;;;;
47,г.,Никольское;;;;;;;;;;;;;;;;;;;;;;;;;;
47,г.,Новая;Ладога;;;;;;;;;;;;;;;;;;;;;;;;;
47,г.,Отрадное;;;;;;;;;;;;;;;;;;;;;;;;;;
47,г.,Пикалево;;;;;;;;;;;;;;;;;;;;;;;;;;
47,г.,Подпорожье;;;;;;;;;;;;;;;;;;;;;;;;;;
47,г.,Приморск;;;;;;;;;;;;;;;;;;;;;;;;;;
47,г.,Приозерск;;;;;;;;;;;;;;;;;;;;;;;;;;
47,г.,Светогорск;;;;;;;;;;;;;;;;;;;;;;;;;;
47,г.,Сертолово;;;;;;;;;;;;;;;;;;;;;;;;;;
47,г.,Сланцы;;;;;;;;;;;;;;;;;;;;;;;;;;
47,г.,Сосновый;Бор;;;;;;;;;;;;;;;;;;;;;;;;;
47,г.,Сясьстрой;;;;;;;;;;;;;;;;;;;;;;;;;;
47,г.,Тихвин;;;;;;;;;;;;;;;;;;;;;;;;;;
47,г.,Тосно;;;;;;;;;;;;;;;;;;;;;;;;;;
47,г.,Шлиссельбург;;;;;;;;;;;;;;;;;;;;;;;;;;
47,г.,Бугры;;;;;;;;;;;;;;;;;;;;;;;;;;
47,г.,Колтуши;;;;;;;;;;;;;;;;;;;;;;;;;;
47,г.,Кудрово;;;;;;;;;;;;;;;;;;;;;;;;;;
47,г.,Мурино;;;;;;;;;;;;;;;;;;;;;;;;;;
47,г.,Тельмана;;;;;;;;;;;;;;;;;;;;;;;;;;
47,массив,38 км Выборгского шоссе;;;;;;;;;;;;;;;;;;;;;;;;;;
47,массив,46 км Приозерского шоссе;;;;;;;;;;;;;;;;;;;;;;;;;;
47,массив,47 км Приозерского шоссе;;;;;;;;;;;;;;;;;;;;;;;;;;
47,массив,Алексеевка;;;;;;;;;;;;;;;;;;;;;;;;;;
47,массив,Апраксин;;;;;;;;;;;;;;;;;;;;;;;;;;
47,массив,Белоостров;;;;;;;;;;;;;;;;;;;;;;;;;;
47,массив,Беляевский;мох;;;;;;;;;;;;;;;;;;;;;;;;;
47,массив,Березовая;роща;;;;;;;;;;;;;;;;;;;;;;;;;
47,массив,Большие;Колпаны;;;;;;;;;;;;;;;;;;;;;;;;;
47,массив,Борисова;Грива;;;;;;;;;;;;;;;;;;;;;;;;;
47,массив,Бугровская;волость;;;;;;;;;;;;;;;;;;;;;;;;;
47,массив,в;районе;деревни;Матокса;;;;;;;;;;;;;;;;;;;;;;;
47,массив,Ваганово;;;;;;;;;;;;;;;;;;;;;;;;;;
47,массив,Васкелово;;;;;;;;;;;;;;;;;;;;;;;;;;
47,массив,Верхние;Осельки;;;;;;;;;;;;;;;;;;;;;;;;;
47,массив,Вопша;;;;;;;;;;;;;;;;;;;;;;;;;;
47,массив,Восход;;;;;;;;;;;;;;;;;;;;;;;;;;
47,массив,Гарболово;;;;;;;;;;;;;;;;;;;;;;;;;;
47,массив,Горы-1;;;;;;;;;;;;;;;;;;;;;;;;;;
47,массив,Горы-2;;;;;;;;;;;;;;;;;;;;;;;;;;
47,массив,Горы-3;;;;;;;;;;;;;;;;;;;;;;;;;;
47,массив,Грибное;;;;;;;;;;;;;;;;;;;;;;;;;;
47,массив,Грузино;;;;;;;;;;;;;;;;;;;;;;;;;;
47,массив,Грузино-Керро;;;;;;;;;;;;;;;;;;;;;;;;;;
47,массив,Дунай;;;;;;;;;;;;;;;;;;;;;;;;;;
47,массив,Екатериновка;;;;;;;;;;;;;;;;;;;;;;;;;;
47,массив,Западная;Лица;;;;;;;;;;;;;;;;;;;;;;;;;
47,массив,Заречье;;;;;;;;;;;;;;;;;;;;;;;;;;
47,массив,Ириновка;;;;;;;;;;;;;;;;;;;;;;;;;;
47,массив,Капитолово;;;;;;;;;;;;;;;;;;;;;;;;;;
47,массив,Капустино;;;;;;;;;;;;;;;;;;;;;;;;;;
47,массив,Карьер;Мяглово;;;;;;;;;;;;;;;;;;;;;;;;;
47,массив,Келколово-1;;;;;;;;;;;;;;;;;;;;;;;;;;
47,массив,Келколово-2;;;;;;;;;;;;;;;;;;;;;;;;;;
47,массив,Келколово-3;;;;;;;;;;;;;;;;;;;;;;;;;;
47,массив,Керро;;;;;;;;;;;;;;;;;;;;;;;;;;
47,массив,Кискелово;;;;;;;;;;;;;;;;;;;;;;;;;;
47,массив,Киссолово;;;;;;;;;;;;;;;;;;;;;;;;;;
47,массив,Корневские;Гривки;;;;;;;;;;;;;;;;;;;;;;;;;
47,массив,Красницы;;;;;;;;;;;;;;;;;;;;;;;;;;
47,массив,Кузьмоловский;;;;;;;;;;;;;;;;;;;;;;;;;;
47,массив,Куйвози;;;;;;;;;;;;;;;;;;;;;;;;;;
47,массив,Кусино;;;;;;;;;;;;;;;;;;;;;;;;;;
47,массив,Лемболово;;;;;;;;;;;;;;;;;;;;;;;;;;
47,массив,Лемболовская;твердыня;;;;;;;;;;;;;;;;;;;;;;;;;
47,массив,Лепсари;;;;;;;;;;;;;;;;;;;;;;;;;;
47,массив,Лесколово;;;;;;;;;;;;;;;;;;;;;;;;;;
47,массив,Лехтуси;;;;;;;;;;;;;;;;;;;;;;;;;;
47,массив,Малое;Кайдалово;;;;;;;;;;;;;;;;;;;;;;;;;
47,массив,Малые;Колпаны;;;;;;;;;;;;;;;;;;;;;;;;;
47,массив,Матокса-Катумы;;;;;;;;;;;;;;;;;;;;;;;;;;
47,массив,Мендсары;;;;;;;;;;;;;;;;;;;;;;;;;;
47,массив,Мертуть;;;;;;;;;;;;;;;;;;;;;;;;;;
47,массив,Мистолово;;;;;;;;;;;;;;;;;;;;;;;;;;
47,массив,Михайловский;;;;;;;;;;;;;;;;;;;;;;;;;;
47,массив,Невдубстрой;;;;;;;;;;;;;;;;;;;;;;;;;;
47,массив,Никольское;;;;;;;;;;;;;;;;;;;;;;;;;;
47,массив,Новая;Ладога;;;;;;;;;;;;;;;;;;;;;;;;;
47,массив,Ново-Анненский-Медное;;;;;;;;;;;;;;;;;;;;;;;;;;
47,массив,Пери;;;;;;;;;;;;;;;;;;;;;;;;;;
47,массив,Порхово;;;;;;;;;;;;;;;;;;;;;;;;;;
47,массив,Посадников;Остров;;;;;;;;;;;;;;;;;;;;;;;;;
47,массив,Проба;;;;;;;;;;;;;;;;;;;;;;;;;;
47,массив,Пупышево;;;;;;;;;;;;;;;;;;;;;;;;;;
47,массив,Пурово;;;;;;;;;;;;;;;;;;;;;;;;;;
47,массив,Пятницкое;;;;;;;;;;;;;;;;;;;;;;;;;;
47,массив,Рахья;;;;;;;;;;;;;;;;;;;;;;;;;;
47,массив,Рейзино;;;;;;;;;;;;;;;;;;;;;;;;;;
47,массив,Рождествено;;;;;;;;;;;;;;;;;;;;;;;;;;
47,массив,Ройка;;;;;;;;;;;;;;;;;;;;;;;;;;
47,массив,Ротково;;;;;;;;;;;;;;;;;;;;;;;;;;
47,массив,Рохма;;;;;;;;;;;;;;;;;;;;;;;;;;
47,массив,Савочкино;;;;;;;;;;;;;;;;;;;;;;;;;;
47,массив,Сады;;;;;;;;;;;;;;;;;;;;;;;;;;
47,массив,Сережино;;;;;;;;;;;;;;;;;;;;;;;;;;
47,массив,Сертолово-2;;;;;;;;;;;;;;;;;;;;;;;;;;
47,массив,Синявино;;;;;;;;;;;;;;;;;;;;;;;;;;
47,массив,Славянка;;;;;;;;;;;;;;;;;;;;;;;;;;
47,массив,Славянка-2;;;;;;;;;;;;;;;;;;;;;;;;;;
47,массив,Солка;;;;;;;;;;;;;;;;;;;;;;;;;;
47,массив,ст;Жихарево;;;;;;;;;;;;;;;;;;;;;;;;;
47,массив,Станция;Грузино;;;;;;;;;;;;;;;;;;;;;;;;;
47,массив,Старые;Черницы;;;;;;;;;;;;;;;;;;;;;;;;;
47,массив,Стеклянный;;;;;;;;;;;;;;;;;;;;;;;;;;
47,массив,Сярьги;;;;;;;;;;;;;;;;;;;;;;;;;;
47,массив,Тикопись;;;;;;;;;;;;;;;;;;;;;;;;;;
47,массив,Тихвинка;;;;;;;;;;;;;;;;;;;;;;;;;;
47,массив,Урочище;Лехтуси;;;;;;;;;;;;;;;;;;;;;;;;;
47,массив,Урочище;Рогосары;;;;;;;;;;;;;;;;;;;;;;;;;
47,массив,Ухта;;;;;;;;;;;;;;;;;;;;;;;;;;
47,массив,Хиттолово;;;;;;;;;;;;;;;;;;;;;;;;;;
47,массив,Щеглово;;;;;;;;;;;;;;;;;;;;;;;;;;
47,массив,Энколово;;;;;;;;;;;;;;;;;;;;;;;;;;
47,массив,Юркинское;болото;;;;;;;;;;;;;;;;;;;;;;;;;
47,тер,34 км Приозерского шоссе;;;;;;;;;;;;;;;;;;;;;;;;;;
47,тер,37 км Выборгского шоссе;;;;;;;;;;;;;;;;;;;;;;;;;;
47,тер,47 км шоссе СПб-Пески;;;;;;;;;;;;;;;;;;;;;;;;;;
47,тер,5 км севернее д Матокса;;;;;;;;;;;;;;;;;;;;;;;;;;
47,тер,8 км севернее д Матокса;;;;;;;;;;;;;;;;;;;;;;;;;;
48,г.,Грязи;;;;;;;;;;;;;;;;;;;;;;;;;;
48,г.,Данков;;;;;;;;;;;;;;;;;;;;;;;;;;
48,г.,Елец;;;;;;;;;;;;;;;;;;;;;;;;;;
48,г.,Задонск;;;;;;;;;;;;;;;;;;;;;;;;;;
48,г.,Лебедянь;;;;;;;;;;;;;;;;;;;;;;;;;;
48,г.,Липецк;;;;;;;;;;;;;;;;;;;;;;;;;;
48,г.,Усмань;;;;;;;;;;;;;;;;;;;;;;;;;;
48,г.,Чаплыгин;;;;;;;;;;;;;;;;;;;;;;;;;;
49,г.,Магадан;;;;;;;;;;;;;;;;;;;;;;;;;;
49,г.,Сусуман;;;;;;;;;;;;;;;;;;;;;;;;;;
50,г.,Апрелевка;;;;;;;;;;;;;;;;;;;;;;;;;;
50,г.,Балашиха;;;;;;;;;;;;;;;;;;;;;;;;;;
50,г.,Бронницы;;;;;;;;;;;;;;;;;;;;;;;;;;
50,г.,Верея;;;;;;;;;;;;;;;;;;;;;;;;;;
50,г.,Видное;;;;;;;;;;;;;;;;;;;;;;;;;;
50,г.,Волоколамск;;;;;;;;;;;;;;;;;;;;;;;;;;
50,г.,Высоковск;;;;;;;;;;;;;;;;;;;;;;;;;;
50,г.,Голицыно;;;;;;;;;;;;;;;;;;;;;;;;;;
50,г.,Дедовск;;;;;;;;;;;;;;;;;;;;;;;;;;
50,г.,Долгопрудный;;;;;;;;;;;;;;;;;;;;;;;;;;
50,г.,Домодедово;;;;;;;;;;;;;;;;;;;;;;;;;;
50,г.,Дрезна;;;;;;;;;;;;;;;;;;;;;;;;;;
50,г.,Дубна;;;;;;;;;;;;;;;;;;;;;;;;;;
50,г.,Егорьевск;;;;;;;;;;;;;;;;;;;;;;;;;;
50,г.,Жуковский;;;;;;;;;;;;;;;;;;;;;;;;;;
50,г.,Зарайск;;;;;;;;;;;;;;;;;;;;;;;;;;
50,г.,Звенигород;;;;;;;;;;;;;;;;;;;;;;;;;;
50,г.,Ивантеевка;;;;;;;;;;;;;;;;;;;;;;;;;;
50,г.,Кашира;;;;;;;;;;;;;;;;;;;;;;;;;;
50,г.,Королёв;;;;;;;;;;;;;;;;;;;;;;;;;;
50,г.,Котельники;;;;;;;;;;;;;;;;;;;;;;;;;;
50,г.,Красноармейск;;;;;;;;;;;;;;;;;;;;;;;;;;
50,г.,Красногорск;;;;;;;;;;;;;;;;;;;;;;;;;;
50,г.,Краснозаводск;;;;;;;;;;;;;;;;;;;;;;;;;;
50,г.,Краснознаменск;;;;;;;;;;;;;;;;;;;;;;;;;;
50,г.,Кубинка;;;;;;;;;;;;;;;;;;;;;;;;;;
50,г.,Куровское;;;;;;;;;;;;;;;;;;;;;;;;;;
50,г.,Ликино-Дулёво;;;;;;;;;;;;;;;;;;;;;;;;;;
50,г.,Лобня;;;;;;;;;;;;;;;;;;;;;;;;;;
50,г.,Лосино-Петровский;;;;;;;;;;;;;;;;;;;;;;;;;;
50,г.,Луховицы;;;;;;;;;;;;;;;;;;;;;;;;;;
50,г.,Лыткарино;;;;;;;;;;;;;;;;;;;;;;;;;;
50,г.,Можайск;;;;;;;;;;;;;;;;;;;;;;;;;;
50,г.,Мытищи;;;;;;;;;;;;;;;;;;;;;;;;;;
50,г.,Озёры;;;;;;;;;;;;;;;;;;;;;;;;;;
50,г.,Пересвет;;;;;;;;;;;;;;;;;;;;;;;;;;
50,г.,Подольск;;;;;;;;;;;;;;;;;;;;;;;;;;
50,г.,Протвино;;;;;;;;;;;;;;;;;;;;;;;;;;
50,г.,Пущино;;;;;;;;;;;;;;;;;;;;;;;;;;
50,г.,Раменское;;;;;;;;;;;;;;;;;;;;;;;;;;
50,г.,Реутов;;;;;;;;;;;;;;;;;;;;;;;;;;
50,г.,Рошаль;;;;;;;;;;;;;;;;;;;;;;;;;;
50,г.,Солнечногорск;;;;;;;;;;;;;;;;;;;;;;;;;;
50,г.,Старая;Купавна;;;;;;;;;;;;;;;;;;;;;;;;;
50,г.,Ступино;;;;;;;;;;;;;;;;;;;;;;;;;;
50,г.,Талдом;;;;;;;;;;;;;;;;;;;;;;;;;;
50,г.,Фрязино;;;;;;;;;;;;;;;;;;;;;;;;;;
50,г.,Химки;;;;;;;;;;;;;;;;;;;;;;;;;;
50,г.,Хотьково;;;;;;;;;;;;;;;;;;;;;;;;;;
50,г.,Черноголовка;;;;;;;;;;;;;;;;;;;;;;;;;;
50,г.,Чехов;;;;;;;;;;;;;;;;;;;;;;;;;;
50,г.,Чехов-2;;;;;;;;;;;;;;;;;;;;;;;;;;
50,г.,Чехов-3;;;;;;;;;;;;;;;;;;;;;;;;;;
50,г.,Щёлково;;;;;;;;;;;;;;;;;;;;;;;;;;
50,г.,Электрогорск;;;;;;;;;;;;;;;;;;;;;;;;;;
50,г.,Электроугли;;;;;;;;;;;;;;;;;;;;;;;;;;
50,г.,Яхрома;;;;;;;;;;;;;;;;;;;;;;;;;;
50,г.,Белоозёрский;;;;;;;;;;;;;;;;;;;;;;;;;;
50,г.,Дзержинский;;;;;;;;;;;;;;;;;;;;;;;;;;
50,г.,Руза;;;;;;;;;;;;;;;;;;;;;;;;;;
50,г.,Электросталь;;;;;;;;;;;;;;;;;;;;;;;;;;
50,пгт,Лотошино;;;;;;;;;;;;;;;;;;;;;;;;;;
50,пгт,Серебряные;Пруды;;;;;;;;;;;;;;;;;;;;;;;;;
50,пгт,Шаховская;;;;;;;;;;;;;;;;;;;;;;;;;;
51,г.,Апатиты;;;;;;;;;;;;;;;;;;;;;;;;;;
51,г.,Гаджиево;;;;;;;;;;;;;;;;;;;;;;;;;;
51,г.,Заозерск;;;;;;;;;;;;;;;;;;;;;;;;;;
51,г.,Заполярный;;;;;;;;;;;;;;;;;;;;;;;;;;
51,г.,Кандалакша;;;;;;;;;;;;;;;;;;;;;;;;;;
51,г.,Кировск;;;;;;;;;;;;;;;;;;;;;;;;;;
51,г.,Ковдор;;;;;;;;;;;;;;;;;;;;;;;;;;
51,г.,Кола;;;;;;;;;;;;;;;;;;;;;;;;;;
51,г.,Мончегорск;;;;;;;;;;;;;;;;;;;;;;;;;;
51,г.,Мурманск;;;;;;;;;;;;;;;;;;;;;;;;;;
51,г.,Оленегорск;;;;;;;;;;;;;;;;;;;;;;;;;;
51,г.,Оленегорск-1;;;;;;;;;;;;;;;;;;;;;;;;;;
51,г.,Оленегорск-2;;;;;;;;;;;;;;;;;;;;;;;;;;
51,г.,Островной;;;;;;;;;;;;;;;;;;;;;;;;;;
51,г.,Полярные;Зори;;;;;;;;;;;;;;;;;;;;;;;;;
51,г.,Североморск;;;;;;;;;;;;;;;;;;;;;;;;;;
51,г.,Снежногорск;;;;;;;;;;;;;;;;;;;;;;;;;;
51,г.,Полярный;;;;;;;;;;;;;;;;;;;;;;;;;;
52,г.,Арзамас;;;;;;;;;;;;;;;;;;;;;;;;;;
52,г.,Балахна;;;;;;;;;;;;;;;;;;;;;;;;;;
52,г.,Богородск;;;;;;;;;;;;;;;;;;;;;;;;;;
52,г.,Бор;;;;;;;;;;;;;;;;;;;;;;;;;;
52,г.,Ветлуга;;;;;;;;;;;;;;;;;;;;;;;;;;
52,г.,Володарск;;;;;;;;;;;;;;;;;;;;;;;;;;
52,г.,Ворсма;;;;;;;;;;;;;;;;;;;;;;;;;;
52,г.,Выкса;;;;;;;;;;;;;;;;;;;;;;;;;;
52,г.,Горбатов;;;;;;;;;;;;;;;;;;;;;;;;;;
52,г.,Городец;;;;;;;;;;;;;;;;;;;;;;;;;;
52,г.,Дзержинск;;;;;;;;;;;;;;;;;;;;;;;;;;
52,г.,Заволжье;;;;;;;;;;;;;;;;;;;;;;;;;;
52,г.,Княгинино;;;;;;;;;;;;;;;;;;;;;;;;;;
52,г.,Кстово;;;;;;;;;;;;;;;;;;;;;;;;;;
52,г.,Кулебаки;;;;;;;;;;;;;;;;;;;;;;;;;;
52,г.,Лукоянов;;;;;;;;;;;;;;;;;;;;;;;;;;
52,г.,Лысково;;;;;;;;;;;;;;;;;;;;;;;;;;
52,г.,Навашино;;;;;;;;;;;;;;;;;;;;;;;;;;
52,г.,Нижний;Новгород;;;;;;;;;;;;;;;;;;;;;;;;;
52,г.,Павлово;;;;;;;;;;;;;;;;;;;;;;;;;;
52,г.,Первомайск;;;;;;;;;;;;;;;;;;;;;;;;;;
52,г.,Перевоз;;;;;;;;;;;;;;;;;;;;;;;;;;
52,г.,Саров;;;;;;;;;;;;;;;;;;;;;;;;;;
52,г.,Семенов;;;;;;;;;;;;;;;;;;;;;;;;;;
52,г.,Сергач;;;;;;;;;;;;;;;;;;;;;;;;;;
52,г.,Урень;;;;;;;;;;;;;;;;;;;;;;;;;;
52,г.,Чкаловск;;;;;;;;;;;;;;;;;;;;;;;;;;
52,г.,Шахунья;;;;;;;;;;;;;;;;;;;;;;;;;;
53,г.,Боровичи;;;;;;;;;;;;;;;;;;;;;;;;;;
53,г.,Валдай;;;;;;;;;;;;;;;;;;;;;;;;;;
53,г.,Великий;Новгород;;;;;;;;;;;;;;;;;;;;;;;;;
53,г.,Малая;Вишера;;;;;;;;;;;;;;;;;;;;;;;;;
53,г.,Окуловка;;;;;;;;;;;;;;;;;;;;;;;;;;
53,г.,Пестово;;;;;;;;;;;;;;;;;;;;;;;;;;
53,г.,Сольцы;;;;;;;;;;;;;;;;;;;;;;;;;;
53,г.,Сольцы;2;;;;;;;;;;;;;;;;;;;;;;;;;
53,г.,Старая;Русса;;;;;;;;;;;;;;;;;;;;;;;;;
53,г.,Холм;;;;;;;;;;;;;;;;;;;;;;;;;;
53,г.,Чудово;;;;;;;;;;;;;;;;;;;;;;;;;;
53,с/п,Ермолинское;;;;;;;;;;;;;;;;;;;;;;;;;;
54,г.,Барабинск;;;;;;;;;;;;;;;;;;;;;;;;;;
54,г.,Бердск;;;;;;;;;;;;;;;;;;;;;;;;;;
54,г.,Болотное;;;;;;;;;;;;;;;;;;;;;;;;;;
54,г.,Искитим;;;;;;;;;;;;;;;;;;;;;;;;;;
54,г.,Карасук;;;;;;;;;;;;;;;;;;;;;;;;;;
54,г.,Каргат;;;;;;;;;;;;;;;;;;;;;;;;;;
54,г.,Куйбышев;;;;;;;;;;;;;;;;;;;;;;;;;;
54,г.,Купино;;;;;;;;;;;;;;;;;;;;;;;;;;
54,г.,Новосибирск;;;;;;;;;;;;;;;;;;;;;;;;;;
54,г.,Обь;;;;;;;;;;;;;;;;;;;;;;;;;;
54,г.,Татарск;;;;;;;;;;;;;;;;;;;;;;;;;;
54,г.,Тогучин;;;;;;;;;;;;;;;;;;;;;;;;;;
54,г.,Черепаново;;;;;;;;;;;;;;;;;;;;;;;;;;
54,г.,Чулым;;;;;;;;;;;;;;;;;;;;;;;;;;
54,рп,Кольцово;;;;;;;;;;;;;;;;;;;;;;;;;;
55,г.,Исилькуль;;;;;;;;;;;;;;;;;;;;;;;;;;
55,г.,Калачинск;;;;;;;;;;;;;;;;;;;;;;;;;;
55,г.,Называевск;;;;;;;;;;;;;;;;;;;;;;;;;;
55,г.,Омск;;;;;;;;;;;;;;;;;;;;;;;;;;
55,г.,Тара;;;;;;;;;;;;;;;;;;;;;;;;;;
55,г.,Тюкалинск;;;;;;;;;;;;;;;;;;;;;;;;;;
56,г.,Абдулино;;;;;;;;;;;;;;;;;;;;;;;;;;
56,г.,Бугуруслан;;;;;;;;;;;;;;;;;;;;;;;;;;
56,г.,Бузулук;;;;;;;;;;;;;;;;;;;;;;;;;;
56,г.,Гай;;;;;;;;;;;;;;;;;;;;;;;;;;
56,г.,Кувандык;;;;;;;;;;;;;;;;;;;;;;;;;;
56,г.,Медногорск;;;;;;;;;;;;;;;;;;;;;;;;;;
56,г.,Новотроицк;;;;;;;;;;;;;;;;;;;;;;;;;;
56,г.,Оренбург;;;;;;;;;;;;;;;;;;;;;;;;;;
56,г.,Орск;;;;;;;;;;;;;;;;;;;;;;;;;;
56,г.,Соль-Илецк;;;;;;;;;;;;;;;;;;;;;;;;;;
56,г.,Ясный;;;;;;;;;;;;;;;;;;;;;;;;;;
56,г.,Сорочинск;;;;;;;;;;;;;;;;;;;;;;;;;;
56,с/с,Нежинский;;;;;;;;;;;;;;;;;;;;;;;;;;
56,с/с,Нижнепавловский;;;;;;;;;;;;;;;;;;;;;;;;;;
56,с/с,Подгородне-Покровский;;;;;;;;;;;;;;;;;;;;;;;;;;
57,г.,Болхов;;;;;;;;;;;;;;;;;;;;;;;;;;
57,г.,Дмитровск;;;;;;;;;;;;;;;;;;;;;;;;;;
57,г.,Ливны;;;;;;;;;;;;;;;;;;;;;;;;;;
57,г.,Малоархангельск;;;;;;;;;;;;;;;;;;;;;;;;;;
57,г.,Мценск;;;;;;;;;;;;;;;;;;;;;;;;;;
57,г.,Новосиль;;;;;;;;;;;;;;;;;;;;;;;;;;
57,г.,Орёл;;;;;;;;;;;;;;;;;;;;;;;;;;
58,г.,Белинский;;;;;;;;;;;;;;;;;;;;;;;;;;
58,г.,Городище;;;;;;;;;;;;;;;;;;;;;;;;;;
58,г.,Заречный;;;;;;;;;;;;;;;;;;;;;;;;;;
58,г.,Каменка;;;;;;;;;;;;;;;;;;;;;;;;;;
58,г.,Кузнецк;;;;;;;;;;;;;;;;;;;;;;;;;;
58,г.,Нижний;Ломов;;;;;;;;;;;;;;;;;;;;;;;;;
58,г.,Никольск;;;;;;;;;;;;;;;;;;;;;;;;;;
58,г.,Пенза;;;;;;;;;;;;;;;;;;;;;;;;;;
58,г.,Сердобск;;;;;;;;;;;;;;;;;;;;;;;;;;
58,г.,Спасск;;;;;;;;;;;;;;;;;;;;;;;;;;
58,г.,Сурск;;;;;;;;;;;;;;;;;;;;;;;;;;
58,с/с,Веденяпинский;;;;;;;;;;;;;;;;;;;;;;;;;;
58,с/с,Воскресеновский;;;;;;;;;;;;;;;;;;;;;;;;;;
58,с/с,Елизаветинский;;;;;;;;;;;;;;;;;;;;;;;;;;
58,с/с,Иссинский;;;;;;;;;;;;;;;;;;;;;;;;;;
58,с/с,Каменский;;;;;;;;;;;;;;;;;;;;;;;;;;
58,с/с,Лопатинский;;;;;;;;;;;;;;;;;;;;;;;;;;
58,с/с,Лунинский;;;;;;;;;;;;;;;;;;;;;;;;;;
58,с/с,Мичуринский;;;;;;;;;;;;;;;;;;;;;;;;;;
58,с/с,Нечаевский;;;;;;;;;;;;;;;;;;;;;;;;;;
58,с/с,Оленевский;;;;;;;;;;;;;;;;;;;;;;;;;;
58,с/с,Плесский;;;;;;;;;;;;;;;;;;;;;;;;;;
58,с/с,Подгорненский;;;;;;;;;;;;;;;;;;;;;;;;;;
58,с/с,Пригородный;;;;;;;;;;;;;;;;;;;;;;;;;;
58,с/с,Рощинский;;;;;;;;;;;;;;;;;;;;;;;;;;
58,с/с,Сазанский;;;;;;;;;;;;;;;;;;;;;;;;;;
58,с/с,Саловский;;;;;;;;;;;;;;;;;;;;;;;;;;
58,с/с,Секретарский;;;;;;;;;;;;;;;;;;;;;;;;;;
58,с/с,Сокольский;;;;;;;;;;;;;;;;;;;;;;;;;;
58,с/с,Степановский;;;;;;;;;;;;;;;;;;;;;;;;;;
58,с/с,Чардымский;;;;;;;;;;;;;;;;;;;;;;;;;;
58,с/с,Юровский;;;;;;;;;;;;;;;;;;;;;;;;;;
59,г.,Александровск;;;;;;;;;;;;;;;;;;;;;;;;;;
59,г.,Березники;;;;;;;;;;;;;;;;;;;;;;;;;;
59,г.,Верещагино;;;;;;;;;;;;;;;;;;;;;;;;;;
59,г.,Горнозаводск;;;;;;;;;;;;;;;;;;;;;;;;;;
59,г.,Гремячинск;;;;;;;;;;;;;;;;;;;;;;;;;;
59,г.,Губаха;;;;;;;;;;;;;;;;;;;;;;;;;;
59,г.,Добрянка;;;;;;;;;;;;;;;;;;;;;;;;;;
59,г.,Кизел;;;;;;;;;;;;;;;;;;;;;;;;;;
59,г.,Красновишерск;;;;;;;;;;;;;;;;;;;;;;;;;;
59,г.,Краснокамск;;;;;;;;;;;;;;;;;;;;;;;;;;
59,г.,Кудымкар;;;;;;;;;;;;;;;;;;;;;;;;;;
59,г.,Кунгур;;;;;;;;;;;;;;;;;;;;;;;;;;
59,г.,Лысьва;;;;;;;;;;;;;;;;;;;;;;;;;;
59,г.,Нытва;;;;;;;;;;;;;;;;;;;;;;;;;;
59,г.,Оса;;;;;;;;;;;;;;;;;;;;;;;;;;
59,г.,Оханск;;;;;;;;;;;;;;;;;;;;;;;;;;
59,г.,Очер;;;;;;;;;;;;;;;;;;;;;;;;;;
59,г.,Пермь;;;;;;;;;;;;;;;;;;;;;;;;;;
59,г.,Соликамск;;;;;;;;;;;;;;;;;;;;;;;;;;
59,г.,Усолье;;;;;;;;;;;;;;;;;;;;;;;;;;
59,г.,Чайковский;;;;;;;;;;;;;;;;;;;;;;;;;;
59,г.,Чердынь;;;;;;;;;;;;;;;;;;;;;;;;;;
59,г.,Чермоз;;;;;;;;;;;;;;;;;;;;;;;;;;
59,г.,Чернушка;;;;;;;;;;;;;;;;;;;;;;;;;;
59,г.,Чусовой;;;;;;;;;;;;;;;;;;;;;;;;;;
60,г.,Великие;Луки;;;;;;;;;;;;;;;;;;;;;;;;;
60,г.,Гдов;;;;;;;;;;;;;;;;;;;;;;;;;;
60,г.,Дно;;;;;;;;;;;;;;;;;;;;;;;;;;
60,г.,Невель;;;;;;;;;;;;;;;;;;;;;;;;;;
60,г.,Новоржев;;;;;;;;;;;;;;;;;;;;;;;;;;
60,г.,Новосокольники;;;;;;;;;;;;;;;;;;;;;;;;;;
60,г.,Опочка;;;;;;;;;;;;;;;;;;;;;;;;;;
60,г.,Остров;;;;;;;;;;;;;;;;;;;;;;;;;;
60,г.,Печоры;;;;;;;;;;;;;;;;;;;;;;;;;;
60,г.,Порхов;;;;;;;;;;;;;;;;;;;;;;;;;;
60,г.,Псков;;;;;;;;;;;;;;;;;;;;;;;;;;
60,г.,Пустошка;;;;;;;;;;;;;;;;;;;;;;;;;;
60,г.,Пыталово;;;;;;;;;;;;;;;;;;;;;;;;;;
60,г.,Себеж;;;;;;;;;;;;;;;;;;;;;;;;;;
61,г.,Азов;;;;;;;;;;;;;;;;;;;;;;;;;;
61,г.,Аксай;;;;;;;;;;;;;;;;;;;;;;;;;;
61,г.,Батайск;;;;;;;;;;;;;;;;;;;;;;;;;;
61,г.,Белая;Калитва;;;;;;;;;;;;;;;;;;;;;;;;;
61,г.,Волгодонск;;;;;;;;;;;;;;;;;;;;;;;;;;
61,г.,Гуково;;;;;;;;;;;;;;;;;;;;;;;;;;
61,г.,Донецк;;;;;;;;;;;;;;;;;;;;;;;;;;
61,г.,Зверево;;;;;;;;;;;;;;;;;;;;;;;;;;
61,г.,Зерноград;;;;;;;;;;;;;;;;;;;;;;;;;;
61,г.,Каменск-Шахтинский;;;;;;;;;;;;;;;;;;;;;;;;;;
61,г.,Константиновск;;;;;;;;;;;;;;;;;;;;;;;;;;
61,г.,Красный;Сулин;;;;;;;;;;;;;;;;;;;;;;;;;
61,г.,Миллерово;;;;;;;;;;;;;;;;;;;;;;;;;;
61,г.,Морозовск;;;;;;;;;;;;;;;;;;;;;;;;;;
61,г.,Новочеркасск;;;;;;;;;;;;;;;;;;;;;;;;;;
61,г.,Новошахтинск;;;;;;;;;;;;;;;;;;;;;;;;;;
61,г.,Пролетарск;;;;;;;;;;;;;;;;;;;;;;;;;;
61,г.,Ростов-на-Дону;;;;;;;;;;;;;;;;;;;;;;;;;;
61,г.,Сальск;;;;;;;;;;;;;;;;;;;;;;;;;;
61,г.,Семикаракорск;;;;;;;;;;;;;;;;;;;;;;;;;;
61,г.,Таганрог;;;;;;;;;;;;;;;;;;;;;;;;;;
61,г.,Цимлянск;;;;;;;;;;;;;;;;;;;;;;;;;;
61,г.,Шахты;;;;;;;;;;;;;;;;;;;;;;;;;;
62,г.,Касимов;;;;;;;;;;;;;;;;;;;;;;;;;;
62,г.,Кораблино;;;;;;;;;;;;;;;;;;;;;;;;;;
62,г.,Михайлов;;;;;;;;;;;;;;;;;;;;;;;;;;
62,г.,Новомичуринск;;;;;;;;;;;;;;;;;;;;;;;;;;
62,г.,Рыбное;;;;;;;;;;;;;;;;;;;;;;;;;;
62,г.,Ряжск;;;;;;;;;;;;;;;;;;;;;;;;;;
62,г.,Рязань;;;;;;;;;;;;;;;;;;;;;;;;;;
62,г.,Сасово;;;;;;;;;;;;;;;;;;;;;;;;;;
62,г.,Скопин;;;;;;;;;;;;;;;;;;;;;;;;;;
62,г.,Спас-Клепики;;;;;;;;;;;;;;;;;;;;;;;;;;
62,г.,Спасск-Рязанский;;;;;;;;;;;;;;;;;;;;;;;;;;
62,г.,Шацк;;;;;;;;;;;;;;;;;;;;;;;;;;
62,рп,Октябрьский;;;;;;;;;;;;;;;;;;;;;;;;;;
63,г.,Жигулевск;;;;;;;;;;;;;;;;;;;;;;;;;;
63,г.,Кинель;;;;;;;;;;;;;;;;;;;;;;;;;;
63,г.,Нефтегорск;;;;;;;;;;;;;;;;;;;;;;;;;;
63,г.,Новокуйбышевск;;;;;;;;;;;;;;;;;;;;;;;;;;
63,г.,Октябрьск;;;;;;;;;;;;;;;;;;;;;;;;;;
63,г.,Отрадный;;;;;;;;;;;;;;;;;;;;;;;;;;
63,г.,Похвистнево;;;;;;;;;;;;;;;;;;;;;;;;;;
63,г.,Самара;;;;;;;;;;;;;;;;;;;;;;;;;;
63,г.,Сызрань;;;;;;;;;;;;;;;;;;;;;;;;;;
63,г.,Тольятти;;;;;;;;;;;;;;;;;;;;;;;;;;
63,г.,Чапаевск;;;;;;;;;;;;;;;;;;;;;;;;;;
64,г.,Аркадак;;;;;;;;;;;;;;;;;;;;;;;;;;
64,г.,Аткарск;;;;;;;;;;;;;;;;;;;;;;;;;;
64,г.,Балаково;;;;;;;;;;;;;;;;;;;;;;;;;;
64,г.,Балашов;;;;;;;;;;;;;;;;;;;;;;;;;;
64,г.,Вольск;;;;;;;;;;;;;;;;;;;;;;;;;;
64,г.,Ершов;;;;;;;;;;;;;;;;;;;;;;;;;;
64,г.,Калининск;;;;;;;;;;;;;;;;;;;;;;;;;;
64,г.,Красноармейск;;;;;;;;;;;;;;;;;;;;;;;;;;
64,г.,Красный;Кут;;;;;;;;;;;;;;;;;;;;;;;;;
64,г.,Маркс;;;;;;;;;;;;;;;;;;;;;;;;;;
64,г.,Новоузенск;;;;;;;;;;;;;;;;;;;;;;;;;;
64,г.,Петровск;;;;;;;;;;;;;;;;;;;;;;;;;;
64,г.,Пугачев;;;;;;;;;;;;;;;;;;;;;;;;;;
64,г.,Ртищево;;;;;;;;;;;;;;;;;;;;;;;;;;
64,г.,Саратов;;;;;;;;;;;;;;;;;;;;;;;;;;
64,г.,Хвалынск;;;;;;;;;;;;;;;;;;;;;;;;;;
64,г.,Шиханы;;;;;;;;;;;;;;;;;;;;;;;;;;
64,г.,Энгельс;;;;;;;;;;;;;;;;;;;;;;;;;;
64,с/о,Новоалександровский;;;;;;;;;;;;;;;;;;;;;;;;;;
64,с/п,Синеньское;МО;;;;;;;;;;;;;;;;;;;;;;;;;
64,с/п,Соколовское;МО;;;;;;;;;;;;;;;;;;;;;;;;;
64,с/п,Усть-Курдюмское;МО;;;;;;;;;;;;;;;;;;;;;;;;;
64,тер,Натальинское;МО;;;;;;;;;;;;;;;;;;;;;;;;;
64,тер,Терсинское;МО;;;;;;;;;;;;;;;;;;;;;;;;;
65,г.,Александровск-Сахалинский;;;;;;;;;;;;;;;;;;;;;;;;;;
65,г.,Анива;;;;;;;;;;;;;;;;;;;;;;;;;;
65,г.,Долинск;;;;;;;;;;;;;;;;;;;;;;;;;;
65,г.,Корсаков;;;;;;;;;;;;;;;;;;;;;;;;;;
65,г.,Курильск;;;;;;;;;;;;;;;;;;;;;;;;;;
65,г.,Макаров;;;;;;;;;;;;;;;;;;;;;;;;;;
65,г.,Невельск;;;;;;;;;;;;;;;;;;;;;;;;;;
65,г.,Оха;;;;;;;;;;;;;;;;;;;;;;;;;;
65,г.,Поронайск;;;;;;;;;;;;;;;;;;;;;;;;;;
65,г.,Северо-Курильск;;;;;;;;;;;;;;;;;;;;;;;;;;
65,г.,Томари;;;;;;;;;;;;;;;;;;;;;;;;;;
65,г.,Холмск;;;;;;;;;;;;;;;;;;;;;;;;;;
65,г.,Южно-Сахалинск;;;;;;;;;;;;;;;;;;;;;;;;;;
65,г.,Углегорск;;;;;;;;;;;;;;;;;;;;;;;;;;
65,пгт,Шахтерск;;;;;;;;;;;;;;;;;;;;;;;;;;
66,г.,Алапаевск;;;;;;;;;;;;;;;;;;;;;;;;;;
66,г.,Арамиль;;;;;;;;;;;;;;;;;;;;;;;;;;
66,г.,Артемовский;;;;;;;;;;;;;;;;;;;;;;;;;;
66,г.,Асбест;;;;;;;;;;;;;;;;;;;;;;;;;;
66,г.,Березовский;;;;;;;;;;;;;;;;;;;;;;;;;;
66,г.,Богданович;;;;;;;;;;;;;;;;;;;;;;;;;;
66,г.,Верхний;Тагил;;;;;;;;;;;;;;;;;;;;;;;;;
66,г.,Верхняя;Пышма;;;;;;;;;;;;;;;;;;;;;;;;;
66,г.,Верхняя;Салда;;;;;;;;;;;;;;;;;;;;;;;;;
66,г.,Верхняя;Тура;;;;;;;;;;;;;;;;;;;;;;;;;
66,г.,Верхотурье;;;;;;;;;;;;;;;;;;;;;;;;;;
66,г.,Волчанск;;;;;;;;;;;;;;;;;;;;;;;;;;
66,г.,Дегтярск;;;;;;;;;;;;;;;;;;;;;;;;;;
66,г.,Екатеринбург;;;;;;;;;;;;;;;;;;;;;;;;;;
66,г.,Заречный;;;;;;;;;;;;;;;;;;;;;;;;;;
66,г.,Ивдель;;;;;;;;;;;;;;;;;;;;;;;;;;
66,г.,Ирбит;;;;;;;;;;;;;;;;;;;;;;;;;;
66,г.,Каменск-Уральский;;;;;;;;;;;;;;;;;;;;;;;;;;
66,г.,Камышлов;;;;;;;;;;;;;;;;;;;;;;;;;;
66,г.,Карпинск;;;;;;;;;;;;;;;;;;;;;;;;;;
66,г.,Качканар;;;;;;;;;;;;;;;;;;;;;;;;;;
66,г.,Кировград;;;;;;;;;;;;;;;;;;;;;;;;;;
66,г.,Краснотурьинск;;;;;;;;;;;;;;;;;;;;;;;;;;
66,г.,Красноуральск;;;;;;;;;;;;;;;;;;;;;;;;;;
66,г.,Красноуфимск;;;;;;;;;;;;;;;;;;;;;;;;;;
66,г.,Кушва;;;;;;;;;;;;;;;;;;;;;;;;;;
66,г.,Лесной;;;;;;;;;;;;;;;;;;;;;;;;;;
66,г.,Михайловск;;;;;;;;;;;;;;;;;;;;;;;;;;
66,г.,Невьянск;;;;;;;;;;;;;;;;;;;;;;;;;;
66,г.,Нижние;Серги;;;;;;;;;;;;;;;;;;;;;;;;;
66,г.,Нижний;Тагил;;;;;;;;;;;;;;;;;;;;;;;;;
66,г.,Нижняя;Салда;;;;;;;;;;;;;;;;;;;;;;;;;
66,г.,Нижняя;Тура;;;;;;;;;;;;;;;;;;;;;;;;;
66,г.,Новая;Ляля;;;;;;;;;;;;;;;;;;;;;;;;;
66,г.,Новоуральск;;;;;;;;;;;;;;;;;;;;;;;;;;
66,г.,Первоуральск;;;;;;;;;;;;;;;;;;;;;;;;;;
66,г.,Полевской;;;;;;;;;;;;;;;;;;;;;;;;;;
66,г.,Ревда;;;;;;;;;;;;;;;;;;;;;;;;;;
66,г.,Реж;;;;;;;;;;;;;;;;;;;;;;;;;;
66,г.,Североуральск;;;;;;;;;;;;;;;;;;;;;;;;;;
66,г.,Серов;;;;;;;;;;;;;;;;;;;;;;;;;;
66,г.,Среднеуральск;;;;;;;;;;;;;;;;;;;;;;;;;;
66,г.,Сухой;Лог;;;;;;;;;;;;;;;;;;;;;;;;;
66,г.,Сысерть;;;;;;;;;;;;;;;;;;;;;;;;;;
66,г.,Тавда;;;;;;;;;;;;;;;;;;;;;;;;;;
66,г.,Талица;;;;;;;;;;;;;;;;;;;;;;;;;;
66,г.,Туринск;;;;;;;;;;;;;;;;;;;;;;;;;;
66,пгт,Малышева;;;;;;;;;;;;;;;;;;;;;;;;;;
67,г.,Велиж;;;;;;;;;;;;;;;;;;;;;;;;;;
67,г.,Вязьма;;;;;;;;;;;;;;;;;;;;;;;;;;
67,г.,Гагарин;;;;;;;;;;;;;;;;;;;;;;;;;;
67,г.,Демидов;;;;;;;;;;;;;;;;;;;;;;;;;;
67,г.,Десногорск;;;;;;;;;;;;;;;;;;;;;;;;;;
67,г.,Дорогобуж;;;;;;;;;;;;;;;;;;;;;;;;;;
67,г.,Духовщина;;;;;;;;;;;;;;;;;;;;;;;;;;
67,г.,Ельня;;;;;;;;;;;;;;;;;;;;;;;;;;
67,г.,Починок;;;;;;;;;;;;;;;;;;;;;;;;;;
67,г.,Рославль;;;;;;;;;;;;;;;;;;;;;;;;;;
67,г.,Рудня;;;;;;;;;;;;;;;;;;;;;;;;;;
67,г.,Сафоново;;;;;;;;;;;;;;;;;;;;;;;;;;
67,г.,Смоленск;;;;;;;;;;;;;;;;;;;;;;;;;;
67,г.,Сычевка;;;;;;;;;;;;;;;;;;;;;;;;;;
67,г.,Ярцево;;;;;;;;;;;;;;;;;;;;;;;;;;
68,г.,Жердевка;;;;;;;;;;;;;;;;;;;;;;;;;;
68,г.,Кирсанов;;;;;;;;;;;;;;;;;;;;;;;;;;
68,г.,Котовск;;;;;;;;;;;;;;;;;;;;;;;;;;
68,г.,Мичуринск;;;;;;;;;;;;;;;;;;;;;;;;;;
68,г.,Моршанск;;;;;;;;;;;;;;;;;;;;;;;;;;
68,г.,Рассказово;;;;;;;;;;;;;;;;;;;;;;;;;;
68,г.,Тамбов;;;;;;;;;;;;;;;;;;;;;;;;;;
68,г.,Уварово;;;;;;;;;;;;;;;;;;;;;;;;;;
69,г.,Андреаполь;;;;;;;;;;;;;;;;;;;;;;;;;;
69,г.,Бежецк;;;;;;;;;;;;;;;;;;;;;;;;;;
69,г.,Белый;;;;;;;;;;;;;;;;;;;;;;;;;;
69,г.,Бологое;;;;;;;;;;;;;;;;;;;;;;;;;;
69,г.,Весьегонск;;;;;;;;;;;;;;;;;;;;;;;;;;
69,г.,Вышний;Волочек;;;;;;;;;;;;;;;;;;;;;;;;;
69,г.,Западная;Двина;;;;;;;;;;;;;;;;;;;;;;;;;
69,г.,Зубцов;;;;;;;;;;;;;;;;;;;;;;;;;;
69,г.,Калязин;;;;;;;;;;;;;;;;;;;;;;;;;;
69,г.,Кашин;;;;;;;;;;;;;;;;;;;;;;;;;;
69,г.,Кимры;;;;;;;;;;;;;;;;;;;;;;;;;;
69,г.,Конаково;;;;;;;;;;;;;;;;;;;;;;;;;;
69,г.,Красный;Холм;;;;;;;;;;;;;;;;;;;;;;;;;
69,г.,Кувшиново;;;;;;;;;;;;;;;;;;;;;;;;;;
69,г.,Лихославль;;;;;;;;;;;;;;;;;;;;;;;;;;
69,г.,Нелидово;;;;;;;;;;;;;;;;;;;;;;;;;;
69,г.,Осташков;;;;;;;;;;;;;;;;;;;;;;;;;;
69,г.,Ржев;;;;;;;;;;;;;;;;;;;;;;;;;;
69,г.,Старица;;;;;;;;;;;;;;;;;;;;;;;;;;
69,г.,Тверь;;;;;;;;;;;;;;;;;;;;;;;;;;
69,г.,Торжок;;;;;;;;;;;;;;;;;;;;;;;;;;
69,г.,Торопец;;;;;;;;;;;;;;;;;;;;;;;;;;
69,г.,Удомля;;;;;;;;;;;;;;;;;;;;;;;;;;
69,п,Озерный;;;;;;;;;;;;;;;;;;;;;;;;;;
69,пгт,Жарковский;;;;;;;;;;;;;;;;;;;;;;;;;;
69,пгт,Кесова;Гора;;;;;;;;;;;;;;;;;;;;;;;;;
69,пгт,Максатиха;;;;;;;;;;;;;;;;;;;;;;;;;;
69,пгт,Молоково;;;;;;;;;;;;;;;;;;;;;;;;;;
69,пгт,Оленино;;;;;;;;;;;;;;;;;;;;;;;;;;
69,пгт,Рамешки;;;;;;;;;;;;;;;;;;;;;;;;;;
69,пгт,Сандово;;;;;;;;;;;;;;;;;;;;;;;;;;
69,пгт,Селижарово;;;;;;;;;;;;;;;;;;;;;;;;;;
69,пгт,Сонково;;;;;;;;;;;;;;;;;;;;;;;;;;
69,пгт,Пено;;;;;;;;;;;;;;;;;;;;;;;;;;
69,пгт,Спирово;;;;;;;;;;;;;;;;;;;;;;;;;;
69,с,Лесное;;;;;;;;;;;;;;;;;;;;;;;;;;
69,с/п,Алешино;;;;;;;;;;;;;;;;;;;;;;;;;;
69,с/п,Алферовское;;;;;;;;;;;;;;;;;;;;;;;;;;
69,с/п,Быковское;;;;;;;;;;;;;;;;;;;;;;;;;;
69,с/п,Ведное;;;;;;;;;;;;;;;;;;;;;;;;;;
69,с/п,Высоково;;;;;;;;;;;;;;;;;;;;;;;;;;
69,с/п,Горицкое;;;;;;;;;;;;;;;;;;;;;;;;;;
69,с/п,Елисеевское;;;;;;;;;;;;;;;;;;;;;;;;;;
69,с/п,Заклинье;;;;;;;;;;;;;;;;;;;;;;;;;;
69,с/п,Застолбье;;;;;;;;;;;;;;;;;;;;;;;;;;
69,с/п,Ильгощи;;;;;;;;;;;;;;;;;;;;;;;;;;
69,с/п,Ильинское;;;;;;;;;;;;;;;;;;;;;;;;;;
69,с/п,Кесовское;;;;;;;;;;;;;;;;;;;;;;;;;;
69,с/п,Киверичи;;;;;;;;;;;;;;;;;;;;;;;;;;
69,с/п,Красновское;;;;;;;;;;;;;;;;;;;;;;;;;;
69,с/п,Кушалино;;;;;;;;;;;;;;;;;;;;;;;;;;
69,с/п,Лисковское;;;;;;;;;;;;;;;;;;;;;;;;;;
69,с/п,Маловасилевское;;;;;;;;;;;;;;;;;;;;;;;;;;
69,с/п,Неклюдовское;;;;;;;;;;;;;;;;;;;;;;;;;;
69,с/п,Некрасово;;;;;;;;;;;;;;;;;;;;;;;;;;
69,с/п,Нерльское;;;;;;;;;;;;;;;;;;;;;;;;;;
69,с/п,Никольское;;;;;;;;;;;;;;;;;;;;;;;;;;
69,с/п,Печетовское;;;;;;;;;;;;;;;;;;;;;;;;;;
69,с/п,Приволжское;;;;;;;;;;;;;;;;;;;;;;;;;;
69,с/п,Семендяевское;;;;;;;;;;;;;;;;;;;;;;;;;;
69,с/п,Старобисловское;;;;;;;;;;;;;;;;;;;;;;;;;;
69,с/п,Стоянцевское;;;;;;;;;;;;;;;;;;;;;;;;;;
69,с/п,Стрелихинское;;;;;;;;;;;;;;;;;;;;;;;;;;
69,с/п,Титовское;;;;;;;;;;;;;;;;;;;;;;;;;;
69,с/п,Устиновское;;;;;;;;;;;;;;;;;;;;;;;;;;
69,с/п,Федоровское;;;;;;;;;;;;;;;;;;;;;;;;;;
69,с/п,Феневское;;;;;;;;;;;;;;;;;;;;;;;;;;
69,с/п,Центральное;;;;;;;;;;;;;;;;;;;;;;;;;;
70,г.,Асино;;;;;;;;;;;;;;;;;;;;;;;;;;
70,г.,Кедровый;;;;;;;;;;;;;;;;;;;;;;;;;;
70,г.,Колпашево;;;;;;;;;;;;;;;;;;;;;;;;;;
70,г.,Северск;;;;;;;;;;;;;;;;;;;;;;;;;;
70,г.,Стрежевой;;;;;;;;;;;;;;;;;;;;;;;;;;
70,г.,Томск;;;;;;;;;;;;;;;;;;;;;;;;;;
71,г.,Алексин;;;;;;;;;;;;;;;;;;;;;;;;;;
71,г.,Белев;;;;;;;;;;;;;;;;;;;;;;;;;;
71,г.,Богородицк;;;;;;;;;;;;;;;;;;;;;;;;;;
71,г.,Болохово;;;;;;;;;;;;;;;;;;;;;;;;;;
71,г.,Венев;;;;;;;;;;;;;;;;;;;;;;;;;;
71,г.,Донской;;;;;;;;;;;;;;;;;;;;;;;;;;
71,г.,Ефремов;;;;;;;;;;;;;;;;;;;;;;;;;;
71,г.,Кимовск;;;;;;;;;;;;;;;;;;;;;;;;;;
71,г.,Киреевск;;;;;;;;;;;;;;;;;;;;;;;;;;
71,г.,Липки;;;;;;;;;;;;;;;;;;;;;;;;;;
71,г.,Новомосковск;;;;;;;;;;;;;;;;;;;;;;;;;;
71,г.,Плавск;;;;;;;;;;;;;;;;;;;;;;;;;;
71,г.,Советск;;;;;;;;;;;;;;;;;;;;;;;;;;
71,г.,Суворов;;;;;;;;;;;;;;;;;;;;;;;;;;
71,г.,Тула;;;;;;;;;;;;;;;;;;;;;;;;;;
71,г.,Узловая;;;;;;;;;;;;;;;;;;;;;;;;;;
71,г.,Чекалин;;;;;;;;;;;;;;;;;;;;;;;;;;
71,г.,Щекино;;;;;;;;;;;;;;;;;;;;;;;;;;
71,г.,Ясногорск;;;;;;;;;;;;;;;;;;;;;;;;;;
72,г.,Заводоуковск;;;;;;;;;;;;;;;;;;;;;;;;;;
72,г.,Ишим;;;;;;;;;;;;;;;;;;;;;;;;;;
72,г.,Тобольск;;;;;;;;;;;;;;;;;;;;;;;;;;
72,г.,Тюмень;;;;;;;;;;;;;;;;;;;;;;;;;;
72,г.,Ялуторовск;;;;;;;;;;;;;;;;;;;;;;;;;;
73,г.,Барыш;;;;;;;;;;;;;;;;;;;;;;;;;;
73,г.,Димитровград;;;;;;;;;;;;;;;;;;;;;;;;;;
73,г.,Инза;;;;;;;;;;;;;;;;;;;;;;;;;;
73,г.,Новоульяновск;;;;;;;;;;;;;;;;;;;;;;;;;;
73,г.,Сенгилей;;;;;;;;;;;;;;;;;;;;;;;;;;
73,г.,Ульяновск;;;;;;;;;;;;;;;;;;;;;;;;;;
74,г.,Аша;;;;;;;;;;;;;;;;;;;;;;;;;;
74,г.,Бакал;;;;;;;;;;;;;;;;;;;;;;;;;;
74,г.,Верхнеуральск;;;;;;;;;;;;;;;;;;;;;;;;;;
74,г.,Верхний;Уфалей;;;;;;;;;;;;;;;;;;;;;;;;;
74,г.,Еманжелинск;;;;;;;;;;;;;;;;;;;;;;;;;;
74,г.,Златоуст;;;;;;;;;;;;;;;;;;;;;;;;;;
74,г.,Карабаш;;;;;;;;;;;;;;;;;;;;;;;;;;
74,г.,Карталы;;;;;;;;;;;;;;;;;;;;;;;;;;
74,г.,Касли;;;;;;;;;;;;;;;;;;;;;;;;;;
74,г.,Катав-Ивановск;;;;;;;;;;;;;;;;;;;;;;;;;;
74,г.,Копейск;;;;;;;;;;;;;;;;;;;;;;;;;;
74,г.,Коркино;;;;;;;;;;;;;;;;;;;;;;;;;;
74,г.,Куса;;;;;;;;;;;;;;;;;;;;;;;;;;
74,г.,Кыштым;;;;;;;;;;;;;;;;;;;;;;;;;;
74,г.,Магнитогорск;;;;;;;;;;;;;;;;;;;;;;;;;;
74,г.,Миасс;;;;;;;;;;;;;;;;;;;;;;;;;;
74,г.,Миньяр;;;;;;;;;;;;;;;;;;;;;;;;;;
74,г.,Нязепетровск;;;;;;;;;;;;;;;;;;;;;;;;;;
74,г.,Озерск;;;;;;;;;;;;;;;;;;;;;;;;;;
74,г.,Пласт;;;;;;;;;;;;;;;;;;;;;;;;;;
74,г.,Сатка;;;;;;;;;;;;;;;;;;;;;;;;;;
74,г.,Сим;;;;;;;;;;;;;;;;;;;;;;;;;;
74,г.,Снежинск;;;;;;;;;;;;;;;;;;;;;;;;;;
74,г.,Трехгорный;;;;;;;;;;;;;;;;;;;;;;;;;;
74,г.,Троицк;;;;;;;;;;;;;;;;;;;;;;;;;;
74,г.,Усть-Катав;;;;;;;;;;;;;;;;;;;;;;;;;;
74,г.,Чебаркуль;;;;;;;;;;;;;;;;;;;;;;;;;;
74,г.,Челябинск;;;;;;;;;;;;;;;;;;;;;;;;;;
74,г.,Южноуральск;;;;;;;;;;;;;;;;;;;;;;;;;;
74,г.,Юрюзань;;;;;;;;;;;;;;;;;;;;;;;;;;
75,г.,Балей;;;;;;;;;;;;;;;;;;;;;;;;;;
75,г.,Борзя;;;;;;;;;;;;;;;;;;;;;;;;;;
75,г.,Краснокаменск;;;;;;;;;;;;;;;;;;;;;;;;;;
75,г.,Могоча;;;;;;;;;;;;;;;;;;;;;;;;;;
75,г.,Нерчинск;;;;;;;;;;;;;;;;;;;;;;;;;;
75,г.,Петровск-Забайкальский;;;;;;;;;;;;;;;;;;;;;;;;;;
75,г.,Сретенск;;;;;;;;;;;;;;;;;;;;;;;;;;
75,г.,Хилок;;;;;;;;;;;;;;;;;;;;;;;;;;
75,г.,Чита;;;;;;;;;;;;;;;;;;;;;;;;;;
75,г.,Шилка;;;;;;;;;;;;;;;;;;;;;;;;;;
75,п,Горный;;;;;;;;;;;;;;;;;;;;;;;;;;
76,г.,Данилов;;;;;;;;;;;;;;;;;;;;;;;;;;
76,г.,Любим;;;;;;;;;;;;;;;;;;;;;;;;;;
76,г.,Мышкин;;;;;;;;;;;;;;;;;;;;;;;;;;
76,г.,Переславль-Залесский;;;;;;;;;;;;;;;;;;;;;;;;;;
76,г.,Пошехонье;;;;;;;;;;;;;;;;;;;;;;;;;;
76,г.,Ростов;Великий;;;;;;;;;;;;;;;;;;;;;;;;;
76,г.,Рыбинск;;;;;;;;;;;;;;;;;;;;;;;;;;
76,г.,Углич;;;;;;;;;;;;;;;;;;;;;;;;;;
76,г.,Ярославль;;;;;;;;;;;;;;;;;;;;;;;;;;
76,г.,Гаврилов-Ям;;;;;;;;;;;;;;;;;;;;;;;;;;
76,г.,Тутаев;;;;;;;;;;;;;;;;;;;;;;;;;;
77,г.,Зеленоград;;;;;;;;;;;;;;;;;;;;;;;;;;
77,г.,Троицк;;;;;;;;;;;;;;;;;;;;;;;;;;
77,г.,Щербинка;;;;;;;;;;;;;;;;;;;;;;;;;;
77,г.,Московский;;;;;;;;;;;;;;;;;;;;;;;;;;
78,г.,Зеленогорск;;;;;;;;;;;;;;;;;;;;;;;;;;
78,г.,Колпино;;;;;;;;;;;;;;;;;;;;;;;;;;
78,г.,Красное;Село;;;;;;;;;;;;;;;;;;;;;;;;;
78,г.,Кронштадт;;;;;;;;;;;;;;;;;;;;;;;;;;
78,г.,Ломоносов;;;;;;;;;;;;;;;;;;;;;;;;;;
78,г.,Павловск;;;;;;;;;;;;;;;;;;;;;;;;;;
78,г.,Петергоф;;;;;;;;;;;;;;;;;;;;;;;;;;
78,г.,Пушкин;;;;;;;;;;;;;;;;;;;;;;;;;;
78,г.,Сестрорецк;;;;;;;;;;;;;;;;;;;;;;;;;;
79,г.,Биробиджан;;;;;;;;;;;;;;;;;;;;;;;;;;
79,г.,Облучье;;;;;;;;;;;;;;;;;;;;;;;;;;
83,г.,Нарьян-Мар;;;;;;;;;;;;;;;;;;;;;;;;;;
86,г.,Белоярский;;;;;;;;;;;;;;;;;;;;;;;;;;
86,г.,Когалым;;;;;;;;;;;;;;;;;;;;;;;;;;
86,г.,Лангепас;;;;;;;;;;;;;;;;;;;;;;;;;;
86,г.,Лянтор;;;;;;;;;;;;;;;;;;;;;;;;;;
86,г.,Мегион;;;;;;;;;;;;;;;;;;;;;;;;;;
86,г.,Нефтеюганск;;;;;;;;;;;;;;;;;;;;;;;;;;
86,г.,Нижневартовск;;;;;;;;;;;;;;;;;;;;;;;;;;
86,г.,Покачи;;;;;;;;;;;;;;;;;;;;;;;;;;
86,г.,Пыть-Ях;;;;;;;;;;;;;;;;;;;;;;;;;;
86,г.,Радужный;;;;;;;;;;;;;;;;;;;;;;;;;;
86,г.,Советский;;;;;;;;;;;;;;;;;;;;;;;;;;
86,г.,Сургут;;;;;;;;;;;;;;;;;;;;;;;;;;
86,г.,Урай;;;;;;;;;;;;;;;;;;;;;;;;;;
86,г.,Ханты-Мансийск;;;;;;;;;;;;;;;;;;;;;;;;;;
86,г.,Югорск;;;;;;;;;;;;;;;;;;;;;;;;;;
86,г.,Нягань;;;;;;;;;;;;;;;;;;;;;;;;;;
86,с/п,Солнечный;;;;;;;;;;;;;;;;;;;;;;;;;;
87,г.,Анадырь;;;;;;;;;;;;;;;;;;;;;;;;;;
87,г.,Билибино;;;;;;;;;;;;;;;;;;;;;;;;;;
87,г.,Певек;;;;;;;;;;;;;;;;;;;;;;;;;;
89,г.,Губкинский;;;;;;;;;;;;;;;;;;;;;;;;;;
89,г.,Лабытнанги;;;;;;;;;;;;;;;;;;;;;;;;;;
89,г.,Муравленко;;;;;;;;;;;;;;;;;;;;;;;;;;
89,г.,Надым;;;;;;;;;;;;;;;;;;;;;;;;;;
89,г.,Новый;Уренгой;;;;;;;;;;;;;;;;;;;;;;;;;
89,г.,Ноябрьск;;;;;;;;;;;;;;;;;;;;;;;;;;
89,г.,Салехард;;;;;;;;;;;;;;;;;;;;;;;;;;
89,г.,Тарко-Сале;;;;;;;;;;;;;;;;;;;;;;;;;;
90,г.,Бердянск;;;;;;;;;;;;;;;;;;;;;;;;;;
90,г.,Васильевка;;;;;;;;;;;;;;;;;;;;;;;;;;
90,г.,Вольнянск;;;;;;;;;;;;;;;;;;;;;;;;;;
90,г.,Гуляйполе;;;;;;;;;;;;;;;;;;;;;;;;;;
90,г.,Днепрорудное;;;;;;;;;;;;;;;;;;;;;;;;;;
90,г.,Запорожье;;;;;;;;;;;;;;;;;;;;;;;;;;
90,г.,Каменка-Днепровская;;;;;;;;;;;;;;;;;;;;;;;;;;
90,г.,Мелитополь;;;;;;;;;;;;;;;;;;;;;;;;;;
90,г.,Молочанск;;;;;;;;;;;;;;;;;;;;;;;;;;
90,г.,Орехов;;;;;;;;;;;;;;;;;;;;;;;;;;
90,г.,Пологи;;;;;;;;;;;;;;;;;;;;;;;;;;
90,г.,Приморск;;;;;;;;;;;;;;;;;;;;;;;;;;
90,г.,Токмак;;;;;;;;;;;;;;;;;;;;;;;;;;
90,г.,Энергодар;;;;;;;;;;;;;;;;;;;;;;;;;;
91,г.,Алушта;;;;;;;;;;;;;;;;;;;;;;;;;;
91,г.,Армянск;;;;;;;;;;;;;;;;;;;;;;;;;;
91,г.,Бахчисарай;;;;;;;;;;;;;;;;;;;;;;;;;;
91,г.,Белогорск;;;;;;;;;;;;;;;;;;;;;;;;;;
91,г.,Джанкой;;;;;;;;;;;;;;;;;;;;;;;;;;
91,г.,Евпатория;;;;;;;;;;;;;;;;;;;;;;;;;;
91,г.,Керчь;;;;;;;;;;;;;;;;;;;;;;;;;;
91,г.,Красноперекопск;;;;;;;;;;;;;;;;;;;;;;;;;;
91,г.,Саки;;;;;;;;;;;;;;;;;;;;;;;;;;
91,г.,Симферополь;;;;;;;;;;;;;;;;;;;;;;;;;;
91,г.,Старый;Крым;;;;;;;;;;;;;;;;;;;;;;;;;
91,г.,Судак;;;;;;;;;;;;;;;;;;;;;;;;;;
91,г.,Феодосия;;;;;;;;;;;;;;;;;;;;;;;;;;
91,г.,Щелкино;;;;;;;;;;;;;;;;;;;;;;;;;;
91,г.,Ялта;;;;;;;;;;;;;;;;;;;;;;;;;;
92,г.,Инкерман;;;;;;;;;;;;;;;;;;;;;;;;;;
92,г.,Балаклава;;;;;;;;;;;;;;;;;;;;;;;;;;
93,г.,Авдеевка;;;;;;;;;;;;;;;;;;;;;;;;;;
93,г.,Амвросиевка;;;;;;;;;;;;;;;;;;;;;;;;;;
93,г.,Артемово;;;;;;;;;;;;;;;;;;;;;;;;;;
93,г.,Артемовск;;;;;;;;;;;;;;;;;;;;;;;;;;
93,г.,Белицкое;;;;;;;;;;;;;;;;;;;;;;;;;;
93,г.,Белозерское;;;;;;;;;;;;;;;;;;;;;;;;;;
93,г.,Волноваха;;;;;;;;;;;;;;;;;;;;;;;;;;
93,г.,Горловка;;;;;;;;;;;;;;;;;;;;;;;;;;
93,г.,Горняк;;;;;;;;;;;;;;;;;;;;;;;;;;
93,г.,Дзержинск;;;;;;;;;;;;;;;;;;;;;;;;;;
93,г.,Димитров;;;;;;;;;;;;;;;;;;;;;;;;;;
93,г.,Доброполье;;;;;;;;;;;;;;;;;;;;;;;;;;
93,г.,Докучаевск;;;;;;;;;;;;;;;;;;;;;;;;;;
93,г.,Дружковка;;;;;;;;;;;;;;;;;;;;;;;;;;
93,г.,Ждановка;;;;;;;;;;;;;;;;;;;;;;;;;;
93,г.,Зугрэс;;;;;;;;;;;;;;;;;;;;;;;;;;
93,г.,Иловайск;;;;;;;;;;;;;;;;;;;;;;;;;;
93,г.,Кировское;;;;;;;;;;;;;;;;;;;;;;;;;;
93,г.,Комсомольское;;;;;;;;;;;;;;;;;;;;;;;;;;
93,г.,Константиновка;;;;;;;;;;;;;;;;;;;;;;;;;;
93,г.,Краматорск;;;;;;;;;;;;;;;;;;;;;;;;;;
93,г.,Красноармейск;;;;;;;;;;;;;;;;;;;;;;;;;;
93,г.,Красногоровка;;;;;;;;;;;;;;;;;;;;;;;;;;
93,г.,Красный;Лиман;;;;;;;;;;;;;;;;;;;;;;;;;
93,г.,Курахово;;;;;;;;;;;;;;;;;;;;;;;;;;
93,г.,Макеевка;;;;;;;;;;;;;;;;;;;;;;;;;;
93,г.,Мариуполь;;;;;;;;;;;;;;;;;;;;;;;;;;
93,г.,Марьинка;;;;;;;;;;;;;;;;;;;;;;;;;;
93,г.,Моспино;;;;;;;;;;;;;;;;;;;;;;;;;;
93,г.,Николаевка;;;;;;;;;;;;;;;;;;;;;;;;;;
93,г.,Новоазовск;;;;;;;;;;;;;;;;;;;;;;;;;;
93,г.,Новогродовка;;;;;;;;;;;;;;;;;;;;;;;;;;
93,г.,Родинское;;;;;;;;;;;;;;;;;;;;;;;;;;
93,г.,Светлодарск;;;;;;;;;;;;;;;;;;;;;;;;;;
93,г.,Святогорск;;;;;;;;;;;;;;;;;;;;;;;;;;
93,г.,Северск;;;;;;;;;;;;;;;;;;;;;;;;;;
93,г.,Селидово;;;;;;;;;;;;;;;;;;;;;;;;;;
93,г.,Славянск;;;;;;;;;;;;;;;;;;;;;;;;;;
93,г.,Снежное;;;;;;;;;;;;;;;;;;;;;;;;;;
93,г.,Соледар;;;;;;;;;;;;;;;;;;;;;;;;;;
93,г.,Торез;;;;;;;;;;;;;;;;;;;;;;;;;;
93,г.,Углегорск;;;;;;;;;;;;;;;;;;;;;;;;;;
93,г.,Угледар;;;;;;;;;;;;;;;;;;;;;;;;;;
93,г.,Украинск;;;;;;;;;;;;;;;;;;;;;;;;;;
93,г.,Часов;Яр;;;;;;;;;;;;;;;;;;;;;;;;;
93,г.,Шахтерск;;;;;;;;;;;;;;;;;;;;;;;;;;
93,г.,Юнокоммунаровск;;;;;;;;;;;;;;;;;;;;;;;;;;
93,г.,Ясиноватая;;;;;;;;;;;;;;;;;;;;;;;;;;
94,г.,Александровск;;;;;;;;;;;;;;;;;;;;;;;;;;
94,г.,Алмазная;;;;;;;;;;;;;;;;;;;;;;;;;;
94,г.,Алчевск;;;;;;;;;;;;;;;;;;;;;;;;;;
94,г.,Антрацит;;;;;;;;;;;;;;;;;;;;;;;;;;
94,г.,Артемовск;;;;;;;;;;;;;;;;;;;;;;;;;;
94,г.,Брянка;;;;;;;;;;;;;;;;;;;;;;;;;;
94,г.,Вахрушево;;;;;;;;;;;;;;;;;;;;;;;;;;
94,г.,Горское;;;;;;;;;;;;;;;;;;;;;;;;;;
94,г.,Зимогорье;;;;;;;;;;;;;;;;;;;;;;;;;;
94,г.,Золотое;;;;;;;;;;;;;;;;;;;;;;;;;;
94,г.,Зоринск;;;;;;;;;;;;;;;;;;;;;;;;;;
94,г.,Ирмино;;;;;;;;;;;;;;;;;;;;;;;;;;
94,г.,Кировск;;;;;;;;;;;;;;;;;;;;;;;;;;
94,г.,Кременная;;;;;;;;;;;;;;;;;;;;;;;;;;
94,г.,Лутугино;;;;;;;;;;;;;;;;;;;;;;;;;;
94,г.,Миусинск;;;;;;;;;;;;;;;;;;;;;;;;;;
94,г.,Молодогвардейск;;;;;;;;;;;;;;;;;;;;;;;;;;
94,г.,Новодружеск;;;;;;;;;;;;;;;;;;;;;;;;;;
94,г.,Перевальск;;;;;;;;;;;;;;;;;;;;;;;;;;
94,г.,Петровское;;;;;;;;;;;;;;;;;;;;;;;;;;
94,г.,Попасная;;;;;;;;;;;;;;;;;;;;;;;;;;
94,г.,Приволье;;;;;;;;;;;;;;;;;;;;;;;;;;
94,г.,Ровеньки;;;;;;;;;;;;;;;;;;;;;;;;;;
94,г.,Рубежное;;;;;;;;;;;;;;;;;;;;;;;;;;
94,г.,Сватово;;;;;;;;;;;;;;;;;;;;;;;;;;
94,г.,Северодонецк;;;;;;;;;;;;;;;;;;;;;;;;;;
94,г.,Старобельск;;;;;;;;;;;;;;;;;;;;;;;;;;
94,г.,Суходольск;;;;;;;;;;;;;;;;;;;;;;;;;;
94,г.,Счастье;;;;;;;;;;;;;;;;;;;;;;;;;;
94,г.,Червонопартизанск;;;;;;;;;;;;;;;;;;;;;;;;;;
95,г.,Алешки;;;;;;;;;;;;;;;;;;;;;;;;;;
95,г.,Берислав;;;;;;;;;;;;;;;;;;;;;;;;;;
95,г.,Геническ;;;;;;;;;;;;;;;;;;;;;;;;;;
95,г.,Голая;Пристань;;;;;;;;;;;;;;;;;;;;;;;;;
95,г.,Каховка;;;;;;;;;;;;;;;;;;;;;;;;;;
95,г.,Скадовск;;;;;;;;;;;;;;;;;;;;;;;;;;
95,г.,Снигиревка;;;;;;;;;;;;;;;;;;;;;;;;;;
95,г.,Таврийск;;;;;;;;;;;;;;;;;;;;;;;;;;
95,г.,Херсон;;;;;;;;;;;;;;;;;;;;;;;;;;
95,пгт,Белозёрка;;;;;;;;;;;;;;;;;;;;;;;;;;
95,пгт,Великая;Александровка;;;;;;;;;;;;;;;;;;;;;;;;;
95,пгт,Великая;Лепетиха;;;;;;;;;;;;;;;;;;;;;;;;;
95,пгт,Верхний;Рогачик;;;;;;;;;;;;;;;;;;;;;;;;;
95,пгт,Высокополье;;;;;;;;;;;;;;;;;;;;;;;;;;
95,пгт,Горностаевка;;;;;;;;;;;;;;;;;;;;;;;;;;
95,пгт,Ивановка;;;;;;;;;;;;;;;;;;;;;;;;;;
95,пгт,Каланчак;;;;;;;;;;;;;;;;;;;;;;;;;;
95,пгт,Нижние;Серогозы;;;;;;;;;;;;;;;;;;;;;;;;;
95,пгт,Нововоронцовка;;;;;;;;;;;;;;;;;;;;;;;;;;
95,пгт,Новотроицкое;;;;;;;;;;;;;;;;;;;;;;;;;;
95,пгт,Чаплынка;;;;;;;;;;;;;;;;;;;;;;;;;;